estado,municipio,cve_ent
Aguascalientes,Tepezala,01
Aguascalientes,Tepezala,01
Aguascalientes,Tepezala,01
Aguascalientes,Tepezala,01
Aguascalientes,Tepezala,01
Aguascalientes,Tepezala,01
Aguascalientes,Tepezala,01
Aguascalientes,Tepezala,01
Aguascalientes,Tepezala,01
Aguascalientes,Tepezala,01
Aguascalientes,Tepezala,01
Aguascalientes,Tepezala,01
Aguascalientes,Tepezala,01
Aguascalientes,Tepezala,01
Baja California Sur,Mulege,03
Baja California Sur,Mulege,03
Baja California Sur,Mulege,03
Baja California Sur,Mulege,03
Baja California Sur,Mulege,03
Baja California Sur,Mulege,03
Baja California Sur,Mulege,03
Baja California Sur,Mulege,03
Baja California Sur,Mulege,03
Baja California Sur,Mulege,03
Baja California Sur,Mulege,03
Baja California Sur,Mulege,03
Baja California Sur,Mulege,03
Baja California Sur,Mulege,03
Baja California Sur,Mulege,03
Baja California Sur,Mulege,03
Baja California Sur,Mulege,03
Baja California Sur,Mulege,03
Baja California Sur,Mulege,03
Baja California Sur,Mulege,03
Baja California Sur,Mulege,03
Baja California Sur,Mulege,03
Baja California Sur,Mulege,03
Baja California Sur,Mulege,03
Baja California Sur,Mulege,03
Baja California Sur,Mulege,03
Baja California Sur,Mulege,03
Baja California Sur,Mulege,03
Baja California Sur,Mulege,03
Baja California Sur,Mulege,03
Baja California Sur,Mulege,03
Baja California Sur,Mulege,03
Baja California Sur,Mulege,03
Baja California Sur,Mulege,03
Baja California Sur,Mulege,03
Baja California Sur,Mulege,03
Baja California Sur,Mulege,03
Baja California Sur,Mulege,03
Baja California Sur,Mulege,03
Baja California Sur,Mulege,03
Baja California Sur,Mulege,03
Baja California Sur,Mulege,03
Baja California Sur,Mulege,03
Baja California Sur,Mulege,03
Baja California Sur,Mulege,03
Baja California Sur,Mulege,03
Baja California Sur,Mulege,03
Baja California Sur,Mulege,03
Baja California Sur,Mulege,03
Baja California Sur,Mulege,03
Baja California Sur,Mulege,03
Baja California Sur,Mulege,03
Baja California Sur,Mulege,03
Baja California Sur,Mulege,03
Baja California Sur,Mulege,03
Baja California Sur,Mulege,03
Baja California Sur,Mulege,03
Baja California Sur,Mulege,03
Baja California Sur,Mulege,03
Baja California Sur,Mulege,03
Baja California Sur,Mulege,03
Baja California Sur,Mulege,03
Baja California Sur,Mulege,03
Baja California Sur,Mulege,03
Baja California Sur,Mulege,03
Baja California Sur,Mulege,03
Baja California Sur,Mulege,03
Baja California Sur,Mulege,03
Baja California Sur,Mulege,03
Baja California Sur,Mulege,03
Baja California Sur,Mulege,03
Campeche,Escarcega,04
Campeche,Escarcega,04
Coahuila de Zaragoza,Muzquiz,05
Coahuila de Zaragoza,Muzquiz,05
Coahuila de Zaragoza,Muzquiz,05
Coahuila de Zaragoza,Muzquiz,05
Coahuila de Zaragoza,Muzquiz,05
Coahuila de Zaragoza,Muzquiz,05
Coahuila de Zaragoza,Muzquiz,05
Coahuila de Zaragoza,Muzquiz,05
Coahuila de Zaragoza,Muzquiz,05
Coahuila de Zaragoza,Muzquiz,05
Coahuila de Zaragoza,Muzquiz,05
Coahuila de Zaragoza,Muzquiz,05
Coahuila de Zaragoza,Muzquiz,05
Coahuila de Zaragoza,Muzquiz,05
Coahuila de Zaragoza,Muzquiz,05
Coahuila de Zaragoza,Muzquiz,05
Coahuila de Zaragoza,Muzquiz,05
Coahuila de Zaragoza,Muzquiz,05
Coahuila de Zaragoza,Muzquiz,05
Coahuila de Zaragoza,Muzquiz,05
Coahuila de Zaragoza,Muzquiz,05
Coahuila de Zaragoza,Muzquiz,05
Coahuila de Zaragoza,Muzquiz,05
Coahuila de Zaragoza,Muzquiz,05
Coahuila de Zaragoza,Muzquiz,05
Coahuila de Zaragoza,Muzquiz,05
Coahuila de Zaragoza,Muzquiz,05
Coahuila de Zaragoza,Muzquiz,05
Coahuila de Zaragoza,Muzquiz,05
Coahuila de Zaragoza,Muzquiz,05
Coahuila de Zaragoza,Muzquiz,05
Coahuila de Zaragoza,Muzquiz,05
Coahuila de Zaragoza,Muzquiz,05
Coahuila de Zaragoza,Muzquiz,05
Colima,Coquimatlan,06
Colima,Coquimatlan,06
Colima,Coquimatlan,06
Colima,Coquimatlan,06
Colima,Villa de Alvarez,06
Chiapas,Chicoasen,07
Chiapas,Chicoasen,07
Chiapas,Chicoasen,07
Chiapas,Chicoasen,07
Chiapas,Chicoasen,07
Chiapas,Chicoasen,07
Chiapas,Chicoasen,07
Chiapas,San Cristobal de las Casas,07
Chiapas,San Cristobal de las Casas,07
Chiapas,San Cristobal de las Casas,07
Chiapas,Soyalo,07
Chiapas,Tecpatan,07
Chiapas,Tecpatan,07
Chihuahua,Jimenez,08
Chihuahua,Jimenez,08
Chihuahua,Jimenez,08
Chihuahua,Jimenez,08
Chihuahua,Jimenez,08
Ciudad de México,Alvaro Obregon,09
Ciudad de México,Alvaro Obregon,09
Ciudad de México,Alvaro Obregon,09
Ciudad de México,Alvaro Obregon,09
Ciudad de México,Alvaro Obregon,09
Ciudad de México,Alvaro Obregon,09
Ciudad de México,Alvaro Obregon,09
Ciudad de México,Alvaro Obregon,09
Ciudad de México,Alvaro Obregon,09
Ciudad de México,Alvaro Obregon,09
Ciudad de México,Alvaro Obregon,09
Ciudad de México,Alvaro Obregon,09
Ciudad de México,Alvaro Obregon,09
Ciudad de México,Alvaro Obregon,09
Ciudad de México,Alvaro Obregon,09
Ciudad de México,Alvaro Obregon,09
Ciudad de México,Alvaro Obregon,09
Ciudad de México,Alvaro Obregon,09
Ciudad de México,Alvaro Obregon,09
Ciudad de México,Alvaro Obregon,09
Ciudad de México,Alvaro Obregon,09
Ciudad de México,Alvaro Obregon,09
Ciudad de México,Alvaro Obregon,09
Ciudad de México,Alvaro Obregon,09
Ciudad de México,Alvaro Obregon,09
Ciudad de México,Alvaro Obregon,09
Ciudad de México,Alvaro Obregon,09
Ciudad de México,Alvaro Obregon,09
Ciudad de México,Alvaro Obregon,09
Ciudad de México,Alvaro Obregon,09
Ciudad de México,Alvaro Obregon,09
Ciudad de México,Alvaro Obregon,09
Ciudad de México,Alvaro Obregon,09
Ciudad de México,Alvaro Obregon,09
Ciudad de México,Alvaro Obregon,09
Ciudad de México,Alvaro Obregon,09
Ciudad de México,Alvaro Obregon,09
Ciudad de México,Alvaro Obregon,09
Ciudad de México,Alvaro Obregon,09
Ciudad de México,Alvaro Obregon,09
Ciudad de México,Alvaro Obregon,09
Ciudad de México,Alvaro Obregon,09
Ciudad de México,Alvaro Obregon,09
Ciudad de México,Alvaro Obregon,09
Ciudad de México,Alvaro Obregon,09
Ciudad de México,Alvaro Obregon,09
Ciudad de México,Alvaro Obregon,09
Ciudad de México,Alvaro Obregon,09
Ciudad de México,Alvaro Obregon,09
Ciudad de México,Alvaro Obregon,09
Ciudad de México,Alvaro Obregon,09
Ciudad de México,Alvaro Obregon,09
Ciudad de México,Alvaro Obregon,09
Ciudad de México,Alvaro Obregon,09
Ciudad de México,Alvaro Obregon,09
Ciudad de México,Alvaro Obregon,09
Ciudad de México,Alvaro Obregon,09
Ciudad de México,Alvaro Obregon,09
Ciudad de México,Alvaro Obregon,09
Ciudad de México,Alvaro Obregon,09
Ciudad de México,Alvaro Obregon,09
Ciudad de México,Alvaro Obregon,09
Ciudad de México,Alvaro Obregon,09
Ciudad de México,Alvaro Obregon,09
Ciudad de México,Alvaro Obregon,09
Ciudad de México,Alvaro Obregon,09
Ciudad de México,Alvaro Obregon,09
Ciudad de México,Alvaro Obregon,09
Ciudad de México,Alvaro Obregon,09
Ciudad de México,Alvaro Obregon,09
Ciudad de México,Alvaro Obregon,09
Ciudad de México,Alvaro Obregon,09
Ciudad de México,Alvaro Obregon,09
Ciudad de México,Alvaro Obregon,09
Ciudad de México,Alvaro Obregon,09
Ciudad de México,Alvaro Obregon,09
Ciudad de México,Alvaro Obregon,09
Ciudad de México,Alvaro Obregon,09
Ciudad de México,Alvaro Obregon,09
Ciudad de México,Alvaro Obregon,09
Ciudad de México,Alvaro Obregon,09
Ciudad de México,Alvaro Obregon,09
Ciudad de México,Alvaro Obregon,09
Ciudad de México,Alvaro Obregon,09
Ciudad de México,Alvaro Obregon,09
Ciudad de México,Alvaro Obregon,09
Ciudad de México,Alvaro Obregon,09
Ciudad de México,Alvaro Obregon,09
Ciudad de México,Alvaro Obregon,09
Ciudad de México,Alvaro Obregon,09
Ciudad de México,Alvaro Obregon,09
Ciudad de México,Alvaro Obregon,09
Ciudad de México,Alvaro Obregon,09
Ciudad de México,Alvaro Obregon,09
Ciudad de México,Alvaro Obregon,09
Ciudad de México,Alvaro Obregon,09
Ciudad de México,Alvaro Obregon,09
Ciudad de México,Alvaro Obregon,09
Ciudad de México,Alvaro Obregon,09
Ciudad de México,Alvaro Obregon,09
Ciudad de México,Alvaro Obregon,09
Ciudad de México,Alvaro Obregon,09
Ciudad de México,Alvaro Obregon,09
Ciudad de México,Alvaro Obregon,09
Ciudad de México,Alvaro Obregon,09
Ciudad de México,Alvaro Obregon,09
Ciudad de México,Alvaro Obregon,09
Ciudad de México,Alvaro Obregon,09
Ciudad de México,Alvaro Obregon,09
Ciudad de México,Alvaro Obregon,09
Ciudad de México,Alvaro Obregon,09
Ciudad de México,Alvaro Obregon,09
Ciudad de México,Alvaro Obregon,09
Ciudad de México,Alvaro Obregon,09
Ciudad de México,Alvaro Obregon,09
Ciudad de México,Alvaro Obregon,09
Ciudad de México,Alvaro Obregon,09
Ciudad de México,Alvaro Obregon,09
Ciudad de México,Alvaro Obregon,09
Ciudad de México,Alvaro Obregon,09
Ciudad de México,Alvaro Obregon,09
Ciudad de México,Alvaro Obregon,09
Ciudad de México,Alvaro Obregon,09
Ciudad de México,Alvaro Obregon,09
Ciudad de México,Alvaro Obregon,09
Ciudad de México,Alvaro Obregon,09
Ciudad de México,Alvaro Obregon,09
Ciudad de México,Alvaro Obregon,09
Ciudad de México,Alvaro Obregon,09
Ciudad de México,Alvaro Obregon,09
Ciudad de México,Alvaro Obregon,09
Ciudad de México,Alvaro Obregon,09
Ciudad de México,Alvaro Obregon,09
Ciudad de México,Alvaro Obregon,09
Ciudad de México,Alvaro Obregon,09
Ciudad de México,Alvaro Obregon,09
Ciudad de México,Alvaro Obregon,09
Ciudad de México,Alvaro Obregon,09
Ciudad de México,Alvaro Obregon,09
Ciudad de México,Alvaro Obregon,09
Ciudad de México,Alvaro Obregon,09
Ciudad de México,Alvaro Obregon,09
Ciudad de México,Alvaro Obregon,09
Ciudad de México,Alvaro Obregon,09
Ciudad de México,Alvaro Obregon,09
Ciudad de México,Alvaro Obregon,09
Ciudad de México,Alvaro Obregon,09
Ciudad de México,Alvaro Obregon,09
Ciudad de México,Alvaro Obregon,09
Ciudad de México,Alvaro Obregon,09
Ciudad de México,Alvaro Obregon,09
Ciudad de México,Alvaro Obregon,09
Ciudad de México,Alvaro Obregon,09
Ciudad de México,Alvaro Obregon,09
Ciudad de México,Alvaro Obregon,09
Ciudad de México,Alvaro Obregon,09
Ciudad de México,Alvaro Obregon,09
Ciudad de México,Alvaro Obregon,09
Ciudad de México,Alvaro Obregon,09
Ciudad de México,Alvaro Obregon,09
Ciudad de México,Alvaro Obregon,09
Ciudad de México,Alvaro Obregon,09
Ciudad de México,Tlahuac,09
Ciudad de México,Tlahuac,09
Ciudad de México,Tlahuac,09
Ciudad de México,Tlahuac,09
Ciudad de México,Tlahuac,09
Ciudad de México,Tlahuac,09
Ciudad de México,Tlahuac,09
Ciudad de México,Tlahuac,09
Ciudad de México,Tlahuac,09
Ciudad de México,Tlahuac,09
Ciudad de México,Tlahuac,09
Ciudad de México,Tlahuac,09
Ciudad de México,Tlahuac,09
Ciudad de México,Tlahuac,09
Ciudad de México,Tlahuac,09
Ciudad de México,Tlahuac,09
Ciudad de México,Tlahuac,09
Ciudad de México,Tlahuac,09
Ciudad de México,Tlahuac,09
Ciudad de México,Tlahuac,09
Ciudad de México,Tlahuac,09
Ciudad de México,Tlahuac,09
Ciudad de México,Tlahuac,09
Ciudad de México,Tlahuac,09
Ciudad de México,Tlahuac,09
Ciudad de México,Tlahuac,09
Ciudad de México,Tlahuac,09
Ciudad de México,Tlahuac,09
Ciudad de México,Tlahuac,09
Ciudad de México,Tlahuac,09
Ciudad de México,Tlahuac,09
Ciudad de México,Tlahuac,09
Ciudad de México,Tlahuac,09
Ciudad de México,Tlahuac,09
Ciudad de México,Tlahuac,09
Ciudad de México,Tlahuac,09
Ciudad de México,Tlahuac,09
Ciudad de México,Tlahuac,09
Ciudad de México,Tlahuac,09
Ciudad de México,Tlahuac,09
Ciudad de México,Tlahuac,09
Ciudad de México,Tlahuac,09
Ciudad de México,Tlahuac,09
Ciudad de México,Tlahuac,09
Ciudad de México,Tlahuac,09
Ciudad de México,Tlahuac,09
Ciudad de México,Tlahuac,09
Ciudad de México,Tlahuac,09
Ciudad de México,Tlahuac,09
Ciudad de México,Tlahuac,09
Ciudad de México,Tlahuac,09
Ciudad de México,Tlahuac,09
Ciudad de México,Tlahuac,09
Ciudad de México,Tlahuac,09
Ciudad de México,Tlahuac,09
Ciudad de México,Tlahuac,09
Ciudad de México,Tlahuac,09
Ciudad de México,Tlahuac,09
Ciudad de México,Tlahuac,09
Ciudad de México,Tlahuac,09
Ciudad de México,Tlahuac,09
Ciudad de México,Tlahuac,09
Ciudad de México,Tlahuac,09
Ciudad de México,Tlahuac,09
Ciudad de México,Tlahuac,09
Ciudad de México,Tlahuac,09
Ciudad de México,Tlahuac,09
Ciudad de México,Tlahuac,09
Ciudad de México,Tlahuac,09
Ciudad de México,Tlahuac,09
Ciudad de México,Tlahuac,09
Ciudad de México,Tlahuac,09
Ciudad de México,Tlahuac,09
Ciudad de México,Tlahuac,09
Ciudad de México,Tlahuac,09
Ciudad de México,Tlahuac,09
Ciudad de México,Tlahuac,09
Ciudad de México,Tlahuac,09
Ciudad de México,Tlahuac,09
Ciudad de México,Tlahuac,09
Ciudad de México,Tlahuac,09
Ciudad de México,Tlahuac,09
Ciudad de México,Tlahuac,09
Ciudad de México,Tlahuac,09
Ciudad de México,Tlahuac,09
Durango,Gomez Palacio,10
Durango,Gomez Palacio,10
Durango,Gomez Palacio,10
Durango,Gomez Palacio,10
Durango,Gomez Palacio,10
Durango,Gomez Palacio,10
Durango,Gomez Palacio,10
Durango,Gomez Palacio,10
Durango,Gomez Palacio,10
Durango,Gomez Palacio,10
Durango,Gomez Palacio,10
Durango,Gomez Palacio,10
Durango,Gomez Palacio,10
Durango,Gomez Palacio,10
Durango,Gomez Palacio,10
Durango,Gomez Palacio,10
Durango,Gomez Palacio,10
Durango,Gomez Palacio,10
Durango,Gomez Palacio,10
Durango,Gomez Palacio,10
Durango,Gomez Palacio,10
Durango,Gomez Palacio,10
Durango,Gomez Palacio,10
Durango,Gomez Palacio,10
Durango,Gomez Palacio,10
Durango,Gomez Palacio,10
Durango,Gomez Palacio,10
Durango,Gomez Palacio,10
Durango,Gomez Palacio,10
Durango,Gomez Palacio,10
Durango,Gomez Palacio,10
Durango,Gomez Palacio,10
Durango,Gomez Palacio,10
Durango,Gomez Palacio,10
Durango,Gomez Palacio,10
Durango,Gomez Palacio,10
Durango,Gomez Palacio,10
Durango,Gomez Palacio,10
Durango,Gomez Palacio,10
Durango,Gomez Palacio,10
Durango,Gomez Palacio,10
Durango,Gomez Palacio,10
Durango,Gomez Palacio,10
Durango,Gomez Palacio,10
Durango,Gomez Palacio,10
Durango,Gomez Palacio,10
Durango,Gomez Palacio,10
Durango,Gomez Palacio,10
Durango,Gomez Palacio,10
Durango,Gomez Palacio,10
Durango,Gomez Palacio,10
Durango,Gomez Palacio,10
Durango,Gomez Palacio,10
Durango,Gomez Palacio,10
Durango,Gomez Palacio,10
Durango,Gomez Palacio,10
Durango,Gomez Palacio,10
Durango,Gomez Palacio,10
Durango,Gomez Palacio,10
Durango,Gomez Palacio,10
Durango,Gomez Palacio,10
Durango,Gomez Palacio,10
Durango,Gomez Palacio,10
Durango,Gomez Palacio,10
Durango,Gomez Palacio,10
Durango,Gomez Palacio,10
Durango,Gomez Palacio,10
Durango,Gomez Palacio,10
Durango,Gomez Palacio,10
Durango,Gomez Palacio,10
Durango,Gomez Palacio,10
Durango,Gomez Palacio,10
Durango,Gomez Palacio,10
Durango,Gomez Palacio,10
Durango,Gomez Palacio,10
Durango,Gomez Palacio,10
Durango,Gomez Palacio,10
Durango,Gomez Palacio,10
Durango,Gomez Palacio,10
Durango,Gomez Palacio,10
Durango,Gomez Palacio,10
Durango,Gomez Palacio,10
Durango,Gomez Palacio,10
Durango,Gomez Palacio,10
Durango,Gomez Palacio,10
Durango,Gomez Palacio,10
Durango,Gomez Palacio,10
Durango,Gomez Palacio,10
Durango,Gomez Palacio,10
Durango,Gomez Palacio,10
Durango,Gomez Palacio,10
Durango,Gomez Palacio,10
Durango,Gomez Palacio,10
Durango,Gomez Palacio,10
Durango,Gomez Palacio,10
Durango,Gomez Palacio,10
Durango,Gomez Palacio,10
Durango,Gomez Palacio,10
Durango,Gomez Palacio,10
Durango,Gomez Palacio,10
Durango,Gomez Palacio,10
Durango,Gomez Palacio,10
Durango,Gomez Palacio,10
Durango,Gomez Palacio,10
Durango,Gomez Palacio,10
Durango,Gomez Palacio,10
Durango,Gomez Palacio,10
Durango,Gomez Palacio,10
Durango,Gomez Palacio,10
Durango,Gomez Palacio,10
Durango,Gomez Palacio,10
Durango,Gomez Palacio,10
Durango,Gomez Palacio,10
Durango,Gomez Palacio,10
Durango,Gomez Palacio,10
Durango,Gomez Palacio,10
Durango,Gomez Palacio,10
Durango,Gomez Palacio,10
Durango,Gomez Palacio,10
Durango,Gomez Palacio,10
Durango,Gomez Palacio,10
Durango,Gomez Palacio,10
Durango,Gomez Palacio,10
Durango,Gomez Palacio,10
Durango,Gomez Palacio,10
Durango,Gomez Palacio,10
Durango,Gomez Palacio,10
Durango,Gomez Palacio,10
Durango,Gomez Palacio,10
Durango,Gomez Palacio,10
Durango,Gomez Palacio,10
Durango,Gomez Palacio,10
Durango,Gomez Palacio,10
Durango,Gomez Palacio,10
Durango,Gomez Palacio,10
Durango,Gomez Palacio,10
Durango,Gomez Palacio,10
Durango,Gomez Palacio,10
Durango,Gomez Palacio,10
Durango,Gomez Palacio,10
Durango,Gomez Palacio,10
Durango,Gomez Palacio,10
Durango,Gomez Palacio,10
Durango,Gomez Palacio,10
Durango,Gomez Palacio,10
Durango,Gomez Palacio,10
Durango,Gomez Palacio,10
Durango,Gomez Palacio,10
Durango,Gomez Palacio,10
Durango,Gomez Palacio,10
Durango,Gomez Palacio,10
Durango,Gomez Palacio,10
Durango,Gomez Palacio,10
Durango,Gomez Palacio,10
Durango,Gomez Palacio,10
Durango,Gomez Palacio,10
Durango,Gomez Palacio,10
Durango,Gomez Palacio,10
Durango,Gomez Palacio,10
Durango,Gomez Palacio,10
Durango,Gomez Palacio,10
Durango,Gomez Palacio,10
Durango,Gomez Palacio,10
Durango,Gomez Palacio,10
Durango,Gomez Palacio,10
Durango,Gomez Palacio,10
Durango,Gomez Palacio,10
Durango,Gomez Palacio,10
Durango,Gomez Palacio,10
Durango,Gomez Palacio,10
Durango,Gomez Palacio,10
Durango,Gomez Palacio,10
Durango,Gomez Palacio,10
Durango,Gomez Palacio,10
Durango,Gomez Palacio,10
Durango,Gomez Palacio,10
Durango,Gomez Palacio,10
Durango,Gomez Palacio,10
Durango,Gomez Palacio,10
Durango,Gomez Palacio,10
Durango,Gomez Palacio,10
Durango,Gomez Palacio,10
Durango,Gomez Palacio,10
Durango,Gomez Palacio,10
Durango,Gomez Palacio,10
Durango,Gomez Palacio,10
Durango,Gomez Palacio,10
Durango,Gomez Palacio,10
Durango,Gomez Palacio,10
Durango,Gomez Palacio,10
Durango,Gomez Palacio,10
Durango,Gomez Palacio,10
Durango,Gomez Palacio,10
Durango,Gomez Palacio,10
Durango,Gomez Palacio,10
Durango,Gomez Palacio,10
Durango,Gomez Palacio,10
Durango,Gomez Palacio,10
Durango,Gomez Palacio,10
Durango,Gomez Palacio,10
Durango,Gomez Palacio,10
Durango,Gomez Palacio,10
Durango,Gomez Palacio,10
Durango,Gomez Palacio,10
Durango,Gomez Palacio,10
Durango,Gomez Palacio,10
Durango,Gomez Palacio,10
Durango,Gomez Palacio,10
Durango,Gomez Palacio,10
Durango,Gomez Palacio,10
Durango,Gomez Palacio,10
Durango,Gomez Palacio,10
Durango,Gomez Palacio,10
Durango,Gomez Palacio,10
Durango,Gomez Palacio,10
Durango,Gomez Palacio,10
Durango,Gomez Palacio,10
Durango,Gomez Palacio,10
Durango,Gomez Palacio,10
Durango,Gomez Palacio,10
Durango,Gomez Palacio,10
Durango,Gomez Palacio,10
Durango,Gomez Palacio,10
Durango,Gomez Palacio,10
Durango,Gomez Palacio,10
Durango,Gomez Palacio,10
Durango,Gomez Palacio,10
Durango,Gomez Palacio,10
Durango,Gomez Palacio,10
Durango,Gomez Palacio,10
Durango,Gomez Palacio,10
Durango,Gomez Palacio,10
Durango,Gomez Palacio,10
Durango,Gomez Palacio,10
Durango,Gomez Palacio,10
Durango,Gomez Palacio,10
Durango,Gomez Palacio,10
Durango,Gomez Palacio,10
Durango,Gomez Palacio,10
Durango,Gomez Palacio,10
Durango,Gomez Palacio,10
Durango,Gomez Palacio,10
Durango,Gomez Palacio,10
Durango,Gomez Palacio,10
Durango,Gomez Palacio,10
Durango,Gomez Palacio,10
Durango,Gomez Palacio,10
Durango,Gomez Palacio,10
Durango,Gomez Palacio,10
Durango,Gomez Palacio,10
Durango,Gomez Palacio,10
Durango,Gomez Palacio,10
Durango,Gomez Palacio,10
Durango,Gomez Palacio,10
Durango,Gomez Palacio,10
Durango,Gomez Palacio,10
Durango,Gomez Palacio,10
Durango,Gomez Palacio,10
Durango,Gomez Palacio,10
Durango,Gomez Palacio,10
Durango,Gomez Palacio,10
Durango,Gomez Palacio,10
Durango,Gomez Palacio,10
Durango,Gomez Palacio,10
Durango,Gomez Palacio,10
Durango,Gomez Palacio,10
Durango,Gomez Palacio,10
Durango,Gomez Palacio,10
Durango,Gomez Palacio,10
Durango,Gomez Palacio,10
Durango,Gomez Palacio,10
Durango,Gomez Palacio,10
Durango,Gomez Palacio,10
Durango,Gomez Palacio,10
Durango,Gomez Palacio,10
Durango,Gomez Palacio,10
Durango,Gomez Palacio,10
Durango,Gomez Palacio,10
Durango,Gomez Palacio,10
Durango,Gomez Palacio,10
Durango,Gomez Palacio,10
Durango,Gomez Palacio,10
Durango,Gomez Palacio,10
Durango,Gomez Palacio,10
Durango,Gomez Palacio,10
Durango,Gomez Palacio,10
Durango,Gomez Palacio,10
Durango,Gomez Palacio,10
Durango,Gomez Palacio,10
Durango,Gomez Palacio,10
Durango,Gomez Palacio,10
Durango,Gomez Palacio,10
Durango,Gomez Palacio,10
Durango,Gomez Palacio,10
Durango,Gomez Palacio,10
Durango,Gomez Palacio,10
Durango,Gomez Palacio,10
Durango,Gomez Palacio,10
Durango,Gomez Palacio,10
Durango,Gomez Palacio,10
Durango,Gomez Palacio,10
Durango,Gomez Palacio,10
Durango,Gomez Palacio,10
Durango,Gomez Palacio,10
Durango,Gomez Palacio,10
Durango,Gomez Palacio,10
Durango,Gomez Palacio,10
Durango,Gomez Palacio,10
Durango,Gomez Palacio,10
Durango,Gomez Palacio,10
Durango,Gomez Palacio,10
Durango,Gomez Palacio,10
Durango,Gomez Palacio,10
Durango,Gomez Palacio,10
Durango,Gomez Palacio,10
Durango,Gomez Palacio,10
Durango,Gomez Palacio,10
Durango,Gomez Palacio,10
Durango,Gomez Palacio,10
Durango,Gomez Palacio,10
Durango,Gomez Palacio,10
Durango,Gomez Palacio,10
Durango,Gomez Palacio,10
Durango,Gomez Palacio,10
Durango,Gomez Palacio,10
Durango,Gomez Palacio,10
Durango,Gomez Palacio,10
Durango,Gomez Palacio,10
Durango,Gomez Palacio,10
Durango,Gomez Palacio,10
Durango,Gomez Palacio,10
Durango,Gomez Palacio,10
Durango,Gomez Palacio,10
Durango,Gomez Palacio,10
Durango,Gomez Palacio,10
Durango,Gomez Palacio,10
Durango,Gomez Palacio,10
Durango,Gomez Palacio,10
Durango,Gomez Palacio,10
Durango,Gomez Palacio,10
Durango,Inde,10
Durango,Inde,10
Durango,Panuco de Coronado,10
Durango,Panuco de Coronado,10
Durango,Panuco de Coronado,10
Durango,Panuco de Coronado,10
Durango,Panuco de Coronado,10
Durango,Panuco de Coronado,10
Durango,Panuco de Coronado,10
Guanajuato,Allende,11
Guanajuato,Allende,11
Guanajuato,Allende,11
Guanajuato,Allende,11
Guanajuato,Allende,11
Guanajuato,Penjamo,11
Guanajuato,Penjamo,11
Guanajuato,Penjamo,11
Guanajuato,Penjamo,11
Guanajuato,Penjamo,11
Guanajuato,Penjamo,11
Guanajuato,Penjamo,11
Guerrero,Cutzamala de Pinzon,12
Guerrero,Cutzamala de Pinzon,12
Guerrero,Taxco de Alarcon,12
Guerrero,Taxco de Alarcon,12
Guerrero,Taxco de Alarcon,12
Hidalgo,Acatlan,13
Hidalgo,Acatlan,13
Hidalgo,Acatlan,13
Hidalgo,Acatlan,13
Hidalgo,Acatlan,13
Hidalgo,Acatlan,13
Hidalgo,Acatlan,13
Hidalgo,Acatlan,13
Hidalgo,Acatlan,13
Hidalgo,Acatlan,13
Hidalgo,Nopala de Villagran,13
Hidalgo,San Agustin Tlaxiaca,13
Hidalgo,San Agustin Tlaxiaca,13
Hidalgo,San Agustin Tlaxiaca,13
Hidalgo,San Agustin Tlaxiaca,13
Hidalgo,San Agustin Tlaxiaca,13
Hidalgo,San Agustin Tlaxiaca,13
Hidalgo,San Agustin Tlaxiaca,13
Hidalgo,San Agustin Tlaxiaca,13
Hidalgo,San Agustin Tlaxiaca,13
Hidalgo,San Agustin Tlaxiaca,13
Hidalgo,San Agustin Tlaxiaca,13
Hidalgo,San Agustin Tlaxiaca,13
Hidalgo,San Agustin Tlaxiaca,13
Hidalgo,San Agustin Tlaxiaca,13
Hidalgo,San Agustin Tlaxiaca,13
Jalisco,Ayotlan,14
Jalisco,Ayotlan,14
Jalisco,Ayotlan,14
Jalisco,Ayotlan,14
Jalisco,Ayotlan,14
Jalisco,Ayotlan,14
Jalisco,Bolanos,14
Jalisco,Bolanos,14
Jalisco,Bolanos,14
Jalisco,Bolanos,14
Jalisco,Bolanos,14
Jalisco,Bolanos,14
Jalisco,Bolanos,14
Jalisco,EL Arenal,14
Jalisco,EL Arenal,14
Jalisco,EL Arenal,14
Jalisco,San Martin de Bolanos,14
Jalisco,San Martin de Bolanos,14
Jalisco,San Martin de Bolanos,14
Jalisco,San Martin de Bolanos,14
Jalisco,San Martin de Bolanos,14
Jalisco,San Martin de Bolanos,14
Jalisco,San Martin de Bolanos,14
Jalisco,San Martin de Bolanos,14
Jalisco,San Martin de Bolanos,14
Jalisco,San Martin de Bolanos,14
Jalisco,San Martin de Bolanos,14
Jalisco,Teocuitatlan de Corona,14
Jalisco,Teocuitatlan de Corona,14
Jalisco,Teocuitatlan de Corona,14
Jalisco,Tlaquepaque,14
Jalisco,Tlaquepaque,14
Jalisco,Tlaquepaque,14
Jalisco,Tlaquepaque,14
Jalisco,Tlaquepaque,14
Jalisco,Tlaquepaque,14
Jalisco,Tlaquepaque,14
Jalisco,Tlaquepaque,14
Jalisco,Tlaquepaque,14
Jalisco,Tlaquepaque,14
Jalisco,Tlaquepaque,14
Jalisco,Tlaquepaque,14
Jalisco,Tlaquepaque,14
Jalisco,Tlaquepaque,14
Jalisco,Tlaquepaque,14
Jalisco,Tlaquepaque,14
Jalisco,Tlaquepaque,14
Jalisco,Tlaquepaque,14
Jalisco,Tlaquepaque,14
Jalisco,Tlaquepaque,14
Jalisco,Tlaquepaque,14
Jalisco,Tlaquepaque,14
Jalisco,Tlaquepaque,14
Jalisco,Tlaquepaque,14
Jalisco,Tlaquepaque,14
Jalisco,Tlaquepaque,14
Jalisco,Tlaquepaque,14
Jalisco,Tlaquepaque,14
Jalisco,Tlaquepaque,14
Jalisco,Tlaquepaque,14
Jalisco,Tlaquepaque,14
Jalisco,Tlaquepaque,14
Jalisco,Tlaquepaque,14
Jalisco,Tlaquepaque,14
Jalisco,Tlaquepaque,14
Jalisco,Tlaquepaque,14
Jalisco,Tlaquepaque,14
Jalisco,Tlaquepaque,14
Jalisco,Tlaquepaque,14
Jalisco,Tlaquepaque,14
Jalisco,Tlaquepaque,14
Jalisco,Tlaquepaque,14
Jalisco,Tlaquepaque,14
Jalisco,Tlaquepaque,14
Jalisco,Tlaquepaque,14
Jalisco,Tlaquepaque,14
Jalisco,Tlaquepaque,14
Jalisco,Tlaquepaque,14
Jalisco,Tlaquepaque,14
Jalisco,Tlaquepaque,14
Jalisco,Tlaquepaque,14
Jalisco,Tlaquepaque,14
Jalisco,Tlaquepaque,14
Jalisco,Tlaquepaque,14
Jalisco,Tlaquepaque,14
Jalisco,Tlaquepaque,14
Jalisco,Tlaquepaque,14
Jalisco,Tlaquepaque,14
Jalisco,Tlaquepaque,14
Jalisco,Tlaquepaque,14
Jalisco,Tlaquepaque,14
Jalisco,Tlaquepaque,14
Jalisco,Tlaquepaque,14
Jalisco,Tlaquepaque,14
Jalisco,Tlaquepaque,14
Jalisco,Tlaquepaque,14
Jalisco,Tlaquepaque,14
Jalisco,Tlaquepaque,14
Jalisco,Tlaquepaque,14
Jalisco,Tlaquepaque,14
Jalisco,Tlaquepaque,14
Jalisco,Tlaquepaque,14
Jalisco,Tlaquepaque,14
Jalisco,Tlaquepaque,14
Jalisco,Tlaquepaque,14
Jalisco,Tlaquepaque,14
Jalisco,Tlaquepaque,14
Jalisco,Tlaquepaque,14
Jalisco,Tlaquepaque,14
Jalisco,Tlaquepaque,14
Jalisco,Tlaquepaque,14
Jalisco,Tlaquepaque,14
Jalisco,Tlaquepaque,14
Jalisco,Tlaquepaque,14
Jalisco,Tlaquepaque,14
Jalisco,Tlaquepaque,14
Jalisco,Tlaquepaque,14
Jalisco,Tlaquepaque,14
Jalisco,Tlaquepaque,14
Jalisco,Tlaquepaque,14
Jalisco,Tlaquepaque,14
Jalisco,Tlaquepaque,14
Jalisco,Tlaquepaque,14
Jalisco,Tlaquepaque,14
Jalisco,Tlaquepaque,14
Jalisco,Tlaquepaque,14
Jalisco,Tlaquepaque,14
Jalisco,Tlaquepaque,14
Jalisco,Tlaquepaque,14
Jalisco,Tlaquepaque,14
Jalisco,Tlaquepaque,14
Jalisco,Tlaquepaque,14
Jalisco,Tlaquepaque,14
Jalisco,Tlaquepaque,14
Jalisco,Tlaquepaque,14
Jalisco,Tlaquepaque,14
Jalisco,Tlaquepaque,14
Jalisco,Tlaquepaque,14
Jalisco,Tlaquepaque,14
Jalisco,Tlaquepaque,14
Jalisco,Tlaquepaque,14
Jalisco,Tlaquepaque,14
Jalisco,Tlaquepaque,14
Jalisco,Tlaquepaque,14
Jalisco,Tlaquepaque,14
Jalisco,Tlaquepaque,14
Jalisco,Tlaquepaque,14
Jalisco,Tlaquepaque,14
Jalisco,Tlaquepaque,14
Jalisco,Tlaquepaque,14
Jalisco,Tlaquepaque,14
Jalisco,Tlaquepaque,14
Jalisco,Tlaquepaque,14
Jalisco,Tlaquepaque,14
Jalisco,Tlaquepaque,14
Jalisco,Tlaquepaque,14
Jalisco,Tlaquepaque,14
Jalisco,Tlaquepaque,14
Jalisco,Tlaquepaque,14
Jalisco,Tlaquepaque,14
Jalisco,Tlaquepaque,14
Jalisco,Tlaquepaque,14
Jalisco,Tlaquepaque,14
Jalisco,Tlaquepaque,14
Jalisco,Tlaquepaque,14
Jalisco,Tlaquepaque,14
Jalisco,Tlaquepaque,14
Jalisco,Tlaquepaque,14
Jalisco,Tlaquepaque,14
Jalisco,Tlaquepaque,14
Jalisco,Tlaquepaque,14
Jalisco,Tlaquepaque,14
Jalisco,Tlaquepaque,14
Jalisco,Tlaquepaque,14
Jalisco,Tlaquepaque,14
Jalisco,Tlaquepaque,14
Jalisco,Tlaquepaque,14
Jalisco,Tlaquepaque,14
Jalisco,Tlaquepaque,14
Jalisco,Tlaquepaque,14
Jalisco,Tlaquepaque,14
Jalisco,Tlaquepaque,14
Jalisco,Tlaquepaque,14
Jalisco,Tlaquepaque,14
Jalisco,Tlaquepaque,14
Jalisco,Tlaquepaque,14
Jalisco,Tlaquepaque,14
Jalisco,Tlaquepaque,14
Jalisco,Tlaquepaque,14
Jalisco,Tlaquepaque,14
Jalisco,Tlaquepaque,14
Jalisco,Tlaquepaque,14
Jalisco,Tlaquepaque,14
Jalisco,Tlaquepaque,14
Jalisco,Tlaquepaque,14
Jalisco,Tlaquepaque,14
Jalisco,Tlaquepaque,14
Jalisco,Tlaquepaque,14
Jalisco,Tlaquepaque,14
Jalisco,Tlaquepaque,14
Jalisco,Tlaquepaque,14
Jalisco,Tlaquepaque,14
Jalisco,Tlaquepaque,14
Jalisco,Tlaquepaque,14
Jalisco,Tlaquepaque,14
Jalisco,Tlaquepaque,14
Jalisco,Tlaquepaque,14
Jalisco,Tlaquepaque,14
Jalisco,Tlaquepaque,14
Jalisco,Tlaquepaque,14
Jalisco,Tlaquepaque,14
Jalisco,Tlaquepaque,14
Jalisco,Tlaquepaque,14
Jalisco,Tlaquepaque,14
Jalisco,Tlaquepaque,14
Jalisco,Tlaquepaque,14
Jalisco,Tlaquepaque,14
Jalisco,Tlaquepaque,14
Jalisco,Tlaquepaque,14
Jalisco,Tlaquepaque,14
Jalisco,Tlaquepaque,14
Jalisco,Tlaquepaque,14
Jalisco,Tlaquepaque,14
Jalisco,Tlaquepaque,14
Jalisco,Tlaquepaque,14
Jalisco,Tlaquepaque,14
Jalisco,Tlaquepaque,14
Jalisco,Tlaquepaque,14
Jalisco,Tlaquepaque,14
Jalisco,Tlaquepaque,14
Jalisco,Tlaquepaque,14
Jalisco,Tlaquepaque,14
Jalisco,Tlaquepaque,14
Jalisco,Tlaquepaque,14
Jalisco,Tlaquepaque,14
Jalisco,Tlaquepaque,14
Jalisco,Tlaquepaque,14
Jalisco,Tlaquepaque,14
Jalisco,Tlaquepaque,14
Jalisco,Tlaquepaque,14
Jalisco,Tlaquepaque,14
Jalisco,Tlaquepaque,14
Jalisco,Tlaquepaque,14
Jalisco,Tlaquepaque,14
Jalisco,Tlaquepaque,14
Jalisco,Tlaquepaque,14
Jalisco,Tlaquepaque,14
Jalisco,Tlaquepaque,14
Jalisco,Tlaquepaque,14
Jalisco,Tlaquepaque,14
Jalisco,Tlaquepaque,14
Jalisco,Tlaquepaque,14
Jalisco,Tlaquepaque,14
Jalisco,Tlaquepaque,14
Jalisco,Tonala,14
Jalisco,Tototlan,14
Jalisco,Tototlan,14
Jalisco,Tototlan,14
Jalisco,Tototlan,14
México,Acambay,15
México,Acambay,15
México,Chimalhuacan,15
México,Nicolas Romero,15
México,Nicolas Romero,15
México,Nicolas Romero,15
México,Nicolas Romero,15
México,Nicolas Romero,15
México,Xonacatlan,15
Michoacán de Ocampo,Lazaro Cardenas,16
Michoacán de Ocampo,Lazaro Cardenas,16
Michoacán de Ocampo,Lazaro Cardenas,16
Michoacán de Ocampo,Lazaro Cardenas,16
Michoacán de Ocampo,Lazaro Cardenas,16
Michoacán de Ocampo,Lazaro Cardenas,16
Michoacán de Ocampo,Lazaro Cardenas,16
Michoacán de Ocampo,Lazaro Cardenas,16
Michoacán de Ocampo,Lazaro Cardenas,16
Michoacán de Ocampo,Lazaro Cardenas,16
Michoacán de Ocampo,Lazaro Cardenas,16
Michoacán de Ocampo,Lazaro Cardenas,16
Michoacán de Ocampo,Lazaro Cardenas,16
Michoacán de Ocampo,Lazaro Cardenas,16
Michoacán de Ocampo,Lazaro Cardenas,16
Michoacán de Ocampo,Lazaro Cardenas,16
Michoacán de Ocampo,Lazaro Cardenas,16
Michoacán de Ocampo,Lazaro Cardenas,16
Michoacán de Ocampo,Lazaro Cardenas,16
Michoacán de Ocampo,Lazaro Cardenas,16
Michoacán de Ocampo,Lazaro Cardenas,16
Michoacán de Ocampo,Lazaro Cardenas,16
Michoacán de Ocampo,Lazaro Cardenas,16
Michoacán de Ocampo,Lazaro Cardenas,16
Michoacán de Ocampo,Lazaro Cardenas,16
Michoacán de Ocampo,Lazaro Cardenas,16
Michoacán de Ocampo,Lazaro Cardenas,16
Michoacán de Ocampo,Lazaro Cardenas,16
Michoacán de Ocampo,Lazaro Cardenas,16
Michoacán de Ocampo,Lazaro Cardenas,16
Michoacán de Ocampo,Lazaro Cardenas,16
Michoacán de Ocampo,Lazaro Cardenas,16
Michoacán de Ocampo,Lazaro Cardenas,16
Michoacán de Ocampo,Lazaro Cardenas,16
Michoacán de Ocampo,Lazaro Cardenas,16
Michoacán de Ocampo,Lazaro Cardenas,16
Michoacán de Ocampo,Lazaro Cardenas,16
Michoacán de Ocampo,Lazaro Cardenas,16
Michoacán de Ocampo,Lazaro Cardenas,16
Michoacán de Ocampo,Lazaro Cardenas,16
Michoacán de Ocampo,Lazaro Cardenas,16
Michoacán de Ocampo,Lazaro Cardenas,16
Michoacán de Ocampo,Lazaro Cardenas,16
Michoacán de Ocampo,Lazaro Cardenas,16
Michoacán de Ocampo,Lazaro Cardenas,16
Michoacán de Ocampo,Lazaro Cardenas,16
Michoacán de Ocampo,Lazaro Cardenas,16
Michoacán de Ocampo,Lazaro Cardenas,16
Michoacán de Ocampo,Lazaro Cardenas,16
Michoacán de Ocampo,Lazaro Cardenas,16
Michoacán de Ocampo,Lazaro Cardenas,16
Michoacán de Ocampo,Lazaro Cardenas,16
Michoacán de Ocampo,Lazaro Cardenas,16
Michoacán de Ocampo,Lazaro Cardenas,16
Michoacán de Ocampo,Lazaro Cardenas,16
Michoacán de Ocampo,Lazaro Cardenas,16
Michoacán de Ocampo,Lazaro Cardenas,16
Michoacán de Ocampo,Lazaro Cardenas,16
Michoacán de Ocampo,Lazaro Cardenas,16
Michoacán de Ocampo,Lazaro Cardenas,16
Michoacán de Ocampo,Lazaro Cardenas,16
Michoacán de Ocampo,Lazaro Cardenas,16
Michoacán de Ocampo,Lazaro Cardenas,16
Michoacán de Ocampo,Lazaro Cardenas,16
Michoacán de Ocampo,Lazaro Cardenas,16
Michoacán de Ocampo,Lazaro Cardenas,16
Michoacán de Ocampo,Lazaro Cardenas,16
Michoacán de Ocampo,Lazaro Cardenas,16
Michoacán de Ocampo,Lazaro Cardenas,16
Michoacán de Ocampo,Lazaro Cardenas,16
Michoacán de Ocampo,Lazaro Cardenas,16
Michoacán de Ocampo,Lazaro Cardenas,16
Michoacán de Ocampo,Lazaro Cardenas,16
Michoacán de Ocampo,Lazaro Cardenas,16
Michoacán de Ocampo,Lazaro Cardenas,16
Michoacán de Ocampo,Lazaro Cardenas,16
Michoacán de Ocampo,Lazaro Cardenas,16
Michoacán de Ocampo,Lazaro Cardenas,16
Michoacán de Ocampo,Lazaro Cardenas,16
Michoacán de Ocampo,Lazaro Cardenas,16
Michoacán de Ocampo,Lazaro Cardenas,16
Michoacán de Ocampo,Lazaro Cardenas,16
Michoacán de Ocampo,Lazaro Cardenas,16
Michoacán de Ocampo,Lazaro Cardenas,16
Michoacán de Ocampo,Lazaro Cardenas,16
Michoacán de Ocampo,Lazaro Cardenas,16
Michoacán de Ocampo,Lazaro Cardenas,16
Michoacán de Ocampo,Lazaro Cardenas,16
Michoacán de Ocampo,Lazaro Cardenas,16
Michoacán de Ocampo,Lazaro Cardenas,16
Michoacán de Ocampo,Lazaro Cardenas,16
Michoacán de Ocampo,Lazaro Cardenas,16
Michoacán de Ocampo,Lazaro Cardenas,16
Michoacán de Ocampo,Lazaro Cardenas,16
Michoacán de Ocampo,Lazaro Cardenas,16
Michoacán de Ocampo,Lazaro Cardenas,16
Michoacán de Ocampo,Lazaro Cardenas,16
Michoacán de Ocampo,Lazaro Cardenas,16
Michoacán de Ocampo,Lazaro Cardenas,16
Michoacán de Ocampo,Lazaro Cardenas,16
Michoacán de Ocampo,Lazaro Cardenas,16
Michoacán de Ocampo,Lazaro Cardenas,16
Michoacán de Ocampo,Lazaro Cardenas,16
Michoacán de Ocampo,Lazaro Cardenas,16
Michoacán de Ocampo,Lazaro Cardenas,16
Michoacán de Ocampo,Lazaro Cardenas,16
Michoacán de Ocampo,Lazaro Cardenas,16
Michoacán de Ocampo,Lazaro Cardenas,16
Michoacán de Ocampo,Lazaro Cardenas,16
Michoacán de Ocampo,Lazaro Cardenas,16
Michoacán de Ocampo,Lazaro Cardenas,16
Michoacán de Ocampo,Lazaro Cardenas,16
Michoacán de Ocampo,Lazaro Cardenas,16
Michoacán de Ocampo,Lazaro Cardenas,16
Michoacán de Ocampo,Lazaro Cardenas,16
Michoacán de Ocampo,Lazaro Cardenas,16
Michoacán de Ocampo,Lazaro Cardenas,16
Michoacán de Ocampo,Lazaro Cardenas,16
Michoacán de Ocampo,Lazaro Cardenas,16
Michoacán de Ocampo,Lazaro Cardenas,16
Michoacán de Ocampo,Lazaro Cardenas,16
Michoacán de Ocampo,Lazaro Cardenas,16
Michoacán de Ocampo,Purepero,16
Michoacán de Ocampo,Purepero,16
Michoacán de Ocampo,Purepero,16
Michoacán de Ocampo,Purepero,16
Michoacán de Ocampo,Purepero,16
Michoacán de Ocampo,Tarimbaro,16
Michoacán de Ocampo,Tarimbaro,16
Michoacán de Ocampo,Tarimbaro,16
Michoacán de Ocampo,Yurecuaro,16
Michoacán de Ocampo,Yurecuaro,16
Morelos,Tlaltizapan,17
Morelos,Tlaltizapan,17
Morelos,Tlaltizapan,17
Morelos,Tlaltizapan,17
Morelos,Tlaltizapan,17
Morelos,Tlaltizapan,17
Morelos,Tlaltizapan,17
Morelos,Tlaltizapan,17
Morelos,Tlaltizapan,17
Morelos,Tlaltizapan,17
Morelos,Tlaltizapan,17
Morelos,Tlaltizapan,17
Morelos,Tlaltizapan,17
Morelos,Tlaltizapan,17
Morelos,Zacatepec de Hidalgo,17
Nayarit,Santa Maria del Oro,18
Nayarit,Santa Maria del Oro,18
Nayarit,Santa Maria del Oro,18
Nayarit,Santa Maria del Oro,18
Nuevo León,Anahuac,19
Nuevo León,Carmen,19
Nuevo León,Carmen,19
Nuevo León,Carmen,19
Nuevo León,Carmen,19
Nuevo León,Carmen,19
Nuevo León,Carmen,19
Nuevo León,Carmen,19
Nuevo León,Carmen,19
Nuevo León,Carmen,19
Nuevo León,Carmen,19
Nuevo León,Carmen,19
Nuevo León,Carmen,19
Nuevo León,Carmen,19
Nuevo León,Carmen,19
Nuevo León,Carmen,19
Nuevo León,Carmen,19
Nuevo León,Carmen,19
Nuevo León,Carmen,19
Nuevo León,Carmen,19
Nuevo León,Carmen,19
Nuevo León,Carmen,19
Nuevo León,Carmen,19
Nuevo León,Carmen,19
Nuevo León,Carmen,19
Nuevo León,Carmen,19
Nuevo León,Carmen,19
Nuevo León,Carmen,19
Nuevo León,Carmen,19
Nuevo León,Carmen,19
Nuevo León,Carmen,19
Nuevo León,Carmen,19
Nuevo León,Carmen,19
Nuevo León,Carmen,19
Nuevo León,Carmen,19
Nuevo León,Carmen,19
Nuevo León,Carmen,19
Nuevo León,Carmen,19
Nuevo León,Carmen,19
Nuevo León,Carmen,19
Nuevo León,Carmen,19
Nuevo León,Carmen,19
Nuevo León,Carmen,19
Nuevo León,Carmen,19
Nuevo León,Carmen,19
Nuevo León,Carmen,19
Nuevo León,Carmen,19
Nuevo León,Carmen,19
Nuevo León,Carmen,19
Nuevo León,Carmen,19
Nuevo León,Carmen,19
Nuevo León,Carmen,19
Nuevo León,Carmen,19
Nuevo León,Carmen,19
Nuevo León,Carmen,19
Nuevo León,Carmen,19
Nuevo León,Carmen,19
Nuevo León,Carmen,19
Nuevo León,Carmen,19
Nuevo León,Carmen,19
Nuevo León,Carmen,19
Nuevo León,Carmen,19
Nuevo León,Carmen,19
Nuevo León,Carmen,19
Nuevo León,Carmen,19
Nuevo León,Carmen,19
Nuevo León,Carmen,19
Nuevo León,Carmen,19
Nuevo León,Carmen,19
Nuevo León,Carmen,19
Nuevo León,Carmen,19
Nuevo León,Carmen,19
Nuevo León,Carmen,19
Nuevo León,Carmen,19
Nuevo León,Carmen,19
Nuevo León,Carmen,19
Nuevo León,Carmen,19
Nuevo León,Carmen,19
Nuevo León,Carmen,19
Nuevo León,Carmen,19
Nuevo León,Carmen,19
Nuevo León,Carmen,19
Nuevo León,Carmen,19
Nuevo León,Carmen,19
Nuevo León,Carmen,19
Nuevo León,Carmen,19
Nuevo León,Carmen,19
Nuevo León,Carmen,19
Nuevo León,Carmen,19
Nuevo León,Carmen,19
Nuevo León,Carmen,19
Nuevo León,Carmen,19
Nuevo León,Carmen,19
Nuevo León,Carmen,19
Nuevo León,Carmen,19
Nuevo León,Dr. Arroyo,19
Nuevo León,Dr. Arroyo,19
Nuevo León,Dr. Gonzalez,19
Nuevo León,Dr. Gonzalez,19
Nuevo León,Dr. Gonzalez,19
Nuevo León,Dr. Gonzalez,19
Nuevo León,Dr. Gonzalez,19
Nuevo León,Dr. Gonzalez,19
Nuevo León,Dr. Gonzalez,19
Nuevo León,Dr. Gonzalez,19
Nuevo León,Dr. Gonzalez,19
Nuevo León,Dr. Gonzalez,19
Nuevo León,Dr. Gonzalez,19
Nuevo León,Dr. Gonzalez,19
Nuevo León,Dr. Gonzalez,19
Nuevo León,Dr. Gonzalez,19
Nuevo León,Dr. Gonzalez,19
Nuevo León,Dr. Gonzalez,19
Nuevo León,Dr. Gonzalez,19
Nuevo León,Dr. Gonzalez,19
Nuevo León,Dr. Gonzalez,19
Nuevo León,Dr. Gonzalez,19
Nuevo León,Dr. Gonzalez,19
Nuevo León,Dr. Gonzalez,19
Nuevo León,Dr. Gonzalez,19
Nuevo León,Dr. Gonzalez,19
Nuevo León,Dr. Gonzalez,19
Nuevo León,Dr. Gonzalez,19
Nuevo León,Dr. Gonzalez,19
Nuevo León,Dr. Gonzalez,19
Nuevo León,Dr. Gonzalez,19
Nuevo León,Dr. Gonzalez,19
Nuevo León,Dr. Gonzalez,19
Nuevo León,Dr. Gonzalez,19
Nuevo León,Garcia,19
Nuevo León,Garcia,19
Nuevo León,Garcia,19
Nuevo León,Garcia,19
Nuevo León,Garcia,19
Nuevo León,Garcia,19
Nuevo León,Garcia,19
Nuevo León,Garcia,19
Nuevo León,Garcia,19
Nuevo León,Garcia,19
Nuevo León,Garcia,19
Nuevo León,Garcia,19
Nuevo León,Garcia,19
Nuevo León,Garcia,19
Nuevo León,Garcia,19
Nuevo León,Garcia,19
Nuevo León,Garcia,19
Nuevo León,Garcia,19
Nuevo León,Garcia,19
Nuevo León,Garcia,19
Nuevo León,Garcia,19
Nuevo León,Garcia,19
Nuevo León,Garcia,19
Nuevo León,Garcia,19
Nuevo León,Garcia,19
Nuevo León,Garcia,19
Nuevo León,Garcia,19
Nuevo León,Garcia,19
Nuevo León,Garcia,19
Nuevo León,Garcia,19
Nuevo León,Garcia,19
Nuevo León,Garcia,19
Nuevo León,Garcia,19
Nuevo León,Garcia,19
Nuevo León,Garcia,19
Nuevo León,Garcia,19
Nuevo León,Garcia,19
Nuevo León,Garcia,19
Nuevo León,Garcia,19
Nuevo León,Garcia,19
Nuevo León,Garcia,19
Nuevo León,Garcia,19
Nuevo León,Garcia,19
Nuevo León,Garcia,19
Nuevo León,Garcia,19
Nuevo León,Garcia,19
Nuevo León,Garcia,19
Nuevo León,Garcia,19
Nuevo León,Garcia,19
Nuevo León,Garcia,19
Nuevo León,Garcia,19
Nuevo León,Garcia,19
Nuevo León,Garcia,19
Nuevo León,Garcia,19
Nuevo León,Garcia,19
Nuevo León,Garcia,19
Nuevo León,Garcia,19
Nuevo León,Garcia,19
Nuevo León,Garcia,19
Nuevo León,Garcia,19
Nuevo León,Garcia,19
Nuevo León,Garcia,19
Nuevo León,Garcia,19
Nuevo León,Garcia,19
Nuevo León,Garcia,19
Nuevo León,Garcia,19
Nuevo León,Garcia,19
Nuevo León,Garcia,19
Nuevo León,Garcia,19
Nuevo León,Garcia,19
Nuevo León,Garcia,19
Nuevo León,Garcia,19
Nuevo León,Garcia,19
Nuevo León,Garcia,19
Nuevo León,Garcia,19
Nuevo León,Garcia,19
Nuevo León,Garcia,19
Nuevo León,Garcia,19
Nuevo León,Garcia,19
Nuevo León,Garcia,19
Nuevo León,Garcia,19
Nuevo León,Garcia,19
Nuevo León,Garcia,19
Nuevo León,Garcia,19
Nuevo León,Garcia,19
Nuevo León,Garcia,19
Nuevo León,Garcia,19
Nuevo León,Garcia,19
Nuevo León,Garcia,19
Nuevo León,Garcia,19
Nuevo León,Garcia,19
Nuevo León,Garcia,19
Nuevo León,Garcia,19
Nuevo León,Garcia,19
Nuevo León,Garcia,19
Nuevo León,Garcia,19
Nuevo León,Garcia,19
Nuevo León,Garcia,19
Nuevo León,Garcia,19
Nuevo León,Garcia,19
Nuevo León,Garcia,19
Nuevo León,Garcia,19
Nuevo León,Garcia,19
Nuevo León,Garcia,19
Nuevo León,Garcia,19
Nuevo León,Garcia,19
Nuevo León,Garcia,19
Nuevo León,Garcia,19
Nuevo León,Garcia,19
Nuevo León,Garcia,19
Nuevo León,Garcia,19
Nuevo León,Garcia,19
Nuevo León,Garcia,19
Nuevo León,Garcia,19
Nuevo León,Garcia,19
Nuevo León,Garcia,19
Nuevo León,Garcia,19
Nuevo León,Garcia,19
Nuevo León,Garcia,19
Nuevo León,Garcia,19
Nuevo León,Garcia,19
Nuevo León,Garcia,19
Nuevo León,Garcia,19
Nuevo León,Garcia,19
Nuevo León,Garcia,19
Nuevo León,Garcia,19
Nuevo León,Garcia,19
Nuevo León,Garcia,19
Nuevo León,Garcia,19
Nuevo León,Garcia,19
Nuevo León,Garcia,19
Nuevo León,Garcia,19
Nuevo León,Garcia,19
Nuevo León,Garcia,19
Nuevo León,Garcia,19
Nuevo León,Garcia,19
Nuevo León,Garcia,19
Nuevo León,Garcia,19
Nuevo León,Garcia,19
Nuevo León,Garcia,19
Nuevo León,Garcia,19
Nuevo León,Garcia,19
Nuevo León,Garcia,19
Nuevo León,Garcia,19
Nuevo León,Garcia,19
Nuevo León,Garcia,19
Nuevo León,Garcia,19
Nuevo León,Garcia,19
Nuevo León,Garcia,19
Nuevo León,Garcia,19
Nuevo León,Garcia,19
Nuevo León,Garcia,19
Nuevo León,Garcia,19
Nuevo León,Garcia,19
Nuevo León,Garcia,19
Nuevo León,Garcia,19
Nuevo León,Garcia,19
Nuevo León,Garcia,19
Nuevo León,Garcia,19
Nuevo León,Garcia,19
Nuevo León,Garcia,19
Nuevo León,Garcia,19
Nuevo León,Garcia,19
Nuevo León,Garcia,19
Nuevo León,Garcia,19
Nuevo León,Garcia,19
Nuevo León,Garcia,19
Nuevo León,Garcia,19
Nuevo León,Garcia,19
Nuevo León,Garcia,19
Nuevo León,Garcia,19
Nuevo León,Garcia,19
Nuevo León,Garcia,19
Nuevo León,Garcia,19
Nuevo León,Garcia,19
Nuevo León,Garcia,19
Nuevo León,Garcia,19
Nuevo León,Garcia,19
Nuevo León,Garcia,19
Nuevo León,Garcia,19
Nuevo León,Garcia,19
Nuevo León,Garcia,19
Nuevo León,Garcia,19
Nuevo León,Garcia,19
Nuevo León,Garcia,19
Nuevo León,Garcia,19
Nuevo León,Garcia,19
Nuevo León,Garcia,19
Nuevo León,Garcia,19
Nuevo León,Garcia,19
Nuevo León,Garcia,19
Nuevo León,Garcia,19
Nuevo León,Garcia,19
Nuevo León,Garcia,19
Nuevo León,Garcia,19
Nuevo León,Garcia,19
Nuevo León,Garcia,19
Nuevo León,Garcia,19
Nuevo León,Garcia,19
Nuevo León,Garcia,19
Nuevo León,Garcia,19
Nuevo León,Garcia,19
Nuevo León,Garcia,19
Nuevo León,Garcia,19
Nuevo León,Garcia,19
Nuevo León,Garcia,19
Nuevo León,Garcia,19
Nuevo León,Garcia,19
Nuevo León,Garcia,19
Nuevo León,Garcia,19
Nuevo León,Garcia,19
Nuevo León,Garcia,19
Nuevo León,Garcia,19
Nuevo León,Garcia,19
Nuevo León,Garcia,19
Nuevo León,Garcia,19
Nuevo León,Garcia,19
Nuevo León,Garcia,19
Nuevo León,Garcia,19
Nuevo León,Garcia,19
Nuevo León,Garcia,19
Nuevo León,Garcia,19
Nuevo León,Garcia,19
Nuevo León,Garcia,19
Nuevo León,Garcia,19
Nuevo León,Garcia,19
Nuevo León,Garcia,19
Nuevo León,Garcia,19
Nuevo León,Garcia,19
Nuevo León,Garcia,19
Nuevo León,Garcia,19
Nuevo León,Garcia,19
Nuevo León,Garcia,19
Nuevo León,Garcia,19
Nuevo León,Garcia,19
Nuevo León,Garcia,19
Nuevo León,Garcia,19
Nuevo León,Garcia,19
Nuevo León,Garcia,19
Nuevo León,Garcia,19
Nuevo León,Garcia,19
Nuevo León,Garcia,19
Nuevo León,Garcia,19
Nuevo León,Garcia,19
Nuevo León,Garcia,19
Nuevo León,Garcia,19
Nuevo León,Garcia,19
Nuevo León,Garcia,19
Nuevo León,Garcia,19
Nuevo León,Garcia,19
Nuevo León,Garcia,19
Nuevo León,Garcia,19
Nuevo León,Garcia,19
Nuevo León,Garcia,19
Nuevo León,Garcia,19
Nuevo León,Garcia,19
Nuevo León,Garcia,19
Nuevo León,Garcia,19
Nuevo León,Garcia,19
Nuevo León,Garcia,19
Nuevo León,Garcia,19
Nuevo León,Garcia,19
Nuevo León,Garcia,19
Nuevo León,Garcia,19
Nuevo León,Garcia,19
Nuevo León,Garcia,19
Nuevo León,Garcia,19
Nuevo León,Garcia,19
Nuevo León,Garcia,19
Nuevo León,Garcia,19
Nuevo León,Garcia,19
Nuevo León,Garcia,19
Nuevo León,Garcia,19
Nuevo León,Garcia,19
Nuevo León,Garcia,19
Nuevo León,Garcia,19
Nuevo León,Garcia,19
Nuevo León,Garcia,19
Nuevo León,Garcia,19
Nuevo León,Garcia,19
Nuevo León,Garcia,19
Nuevo León,Garcia,19
Nuevo León,Garcia,19
Nuevo León,Garcia,19
Nuevo León,Garcia,19
Nuevo León,Garcia,19
Nuevo León,Garcia,19
Nuevo León,Garcia,19
Nuevo León,Garcia,19
Nuevo León,Garcia,19
Nuevo León,Garcia,19
Nuevo León,Garcia,19
Nuevo León,Garcia,19
Nuevo León,Garcia,19
Nuevo León,Garcia,19
Nuevo León,Garcia,19
Nuevo León,Garcia,19
Nuevo León,Garcia,19
Nuevo León,Garcia,19
Nuevo León,Garcia,19
Nuevo León,Garcia,19
Nuevo León,Garcia,19
Nuevo León,Garcia,19
Nuevo León,Garcia,19
Nuevo León,Garcia,19
Nuevo León,Garcia,19
Nuevo León,Garcia,19
Nuevo León,Garcia,19
Nuevo León,Garcia,19
Nuevo León,Garcia,19
Nuevo León,Garcia,19
Nuevo León,Garcia,19
Nuevo León,Garcia,19
Nuevo León,Garcia,19
Nuevo León,Garcia,19
Nuevo León,Garcia,19
Nuevo León,Garcia,19
Nuevo León,Garcia,19
Nuevo León,Garcia,19
Nuevo León,Garcia,19
Nuevo León,Garcia,19
Nuevo León,Garcia,19
Nuevo León,Garcia,19
Nuevo León,Garcia,19
Nuevo León,Garcia,19
Nuevo León,Garcia,19
Nuevo León,Garcia,19
Nuevo León,Garcia,19
Nuevo León,Garcia,19
Nuevo León,Garcia,19
Nuevo León,Garcia,19
Nuevo León,Garcia,19
Nuevo León,Garcia,19
Nuevo León,Garcia,19
Nuevo León,Garcia,19
Nuevo León,Garcia,19
Nuevo León,Garcia,19
Nuevo León,Garcia,19
Nuevo León,Garcia,19
Nuevo León,Garcia,19
Nuevo León,Garcia,19
Nuevo León,Garcia,19
Nuevo León,Garcia,19
Nuevo León,Garcia,19
Nuevo León,Garcia,19
Nuevo León,Garcia,19
Nuevo León,Garcia,19
Nuevo León,Garcia,19
Nuevo León,Garcia,19
Nuevo León,Garcia,19
Nuevo León,Garcia,19
Nuevo León,Garcia,19
Nuevo León,Garcia,19
Nuevo León,Garcia,19
Nuevo León,Garcia,19
Nuevo León,Garcia,19
Nuevo León,Garcia,19
Nuevo León,Garcia,19
Nuevo León,Garcia,19
Nuevo León,Garcia,19
Nuevo León,Garcia,19
Nuevo León,Garcia,19
Nuevo León,Garcia,19
Nuevo León,Garcia,19
Nuevo León,Garcia,19
Nuevo León,Garcia,19
Nuevo León,Garcia,19
Nuevo León,Garcia,19
Nuevo León,Garcia,19
Nuevo León,Garcia,19
Nuevo León,Garcia,19
Nuevo León,Garcia,19
Nuevo León,Garcia,19
Nuevo León,Garcia,19
Nuevo León,Garcia,19
Nuevo León,Garcia,19
Nuevo León,Garcia,19
Nuevo León,Garcia,19
Nuevo León,Garcia,19
Nuevo León,Garcia,19
Nuevo León,Garcia,19
Nuevo León,Garcia,19
Nuevo León,Garcia,19
Nuevo León,Garcia,19
Nuevo León,Garcia,19
Nuevo León,Garcia,19
Nuevo León,Garcia,19
Nuevo León,Garcia,19
Nuevo León,Garcia,19
Nuevo León,Garcia,19
Nuevo León,Garcia,19
Nuevo León,Garcia,19
Nuevo León,Garcia,19
Nuevo León,Garcia,19
Nuevo León,Garcia,19
Nuevo León,Garcia,19
Nuevo León,Garcia,19
Nuevo León,Garcia,19
Nuevo León,Garcia,19
Nuevo León,Garcia,19
Nuevo León,Garcia,19
Nuevo León,Garcia,19
Nuevo León,Garcia,19
Nuevo León,Garcia,19
Nuevo León,Garcia,19
Nuevo León,Garcia,19
Nuevo León,Garcia,19
Nuevo León,Garcia,19
Nuevo León,Garcia,19
Nuevo León,Garcia,19
Nuevo León,Garcia,19
Nuevo León,Garcia,19
Nuevo León,Garcia,19
Nuevo León,Garcia,19
Nuevo León,Garcia,19
Nuevo León,Garcia,19
Nuevo León,Garcia,19
Nuevo León,Garcia,19
Nuevo León,Garcia,19
Nuevo León,Garcia,19
Nuevo León,Garcia,19
Nuevo León,Garcia,19
Nuevo León,Garcia,19
Nuevo León,Garcia,19
Nuevo León,Garcia,19
Nuevo León,Garcia,19
Nuevo León,Garcia,19
Nuevo León,Garcia,19
Nuevo León,Garcia,19
Nuevo León,Garcia,19
Nuevo León,Garcia,19
Nuevo León,Garcia,19
Nuevo León,Garcia,19
Nuevo León,Garcia,19
Nuevo León,Garcia,19
Nuevo León,Garcia,19
Nuevo León,Garcia,19
Nuevo León,Garcia,19
Nuevo León,Garcia,19
Nuevo León,Garcia,19
Nuevo León,Garcia,19
Nuevo León,Garcia,19
Nuevo León,Garcia,19
Nuevo León,Garcia,19
Nuevo León,Garcia,19
Nuevo León,Garcia,19
Nuevo León,Garcia,19
Nuevo León,Garcia,19
Nuevo León,Garcia,19
Nuevo León,Garcia,19
Nuevo León,Garcia,19
Nuevo León,Pesqueria,19
Nuevo León,Pesqueria,19
Nuevo León,Pesqueria,19
Nuevo León,Pesqueria,19
Nuevo León,Pesqueria,19
Nuevo León,Pesqueria,19
Nuevo León,Pesqueria,19
Nuevo León,Pesqueria,19
Nuevo León,Pesqueria,19
Nuevo León,Pesqueria,19
Nuevo León,Pesqueria,19
Nuevo León,Pesqueria,19
Nuevo León,Pesqueria,19
Nuevo León,Pesqueria,19
Nuevo León,Pesqueria,19
Nuevo León,Pesqueria,19
Nuevo León,Pesqueria,19
Nuevo León,Pesqueria,19
Nuevo León,Pesqueria,19
Nuevo León,Pesqueria,19
Nuevo León,Pesqueria,19
Nuevo León,Pesqueria,19
Nuevo León,Pesqueria,19
Nuevo León,Pesqueria,19
Nuevo León,Pesqueria,19
Nuevo León,Pesqueria,19
Nuevo León,Pesqueria,19
Nuevo León,Pesqueria,19
Nuevo León,Pesqueria,19
Nuevo León,Pesqueria,19
Nuevo León,Pesqueria,19
Nuevo León,Pesqueria,19
Nuevo León,Pesqueria,19
Nuevo León,Pesqueria,19
Nuevo León,Pesqueria,19
Nuevo León,Pesqueria,19
Nuevo León,Pesqueria,19
Nuevo León,Pesqueria,19
Nuevo León,Pesqueria,19
Nuevo León,Pesqueria,19
Nuevo León,Pesqueria,19
Nuevo León,Pesqueria,19
Nuevo León,Pesqueria,19
Nuevo León,Pesqueria,19
Nuevo León,Pesqueria,19
Nuevo León,Pesqueria,19
Nuevo León,Pesqueria,19
Nuevo León,Pesqueria,19
Nuevo León,Pesqueria,19
Nuevo León,Pesqueria,19
Nuevo León,Pesqueria,19
Nuevo León,Pesqueria,19
Nuevo León,Pesqueria,19
Nuevo León,Pesqueria,19
Nuevo León,Pesqueria,19
Nuevo León,Pesqueria,19
Nuevo León,Pesqueria,19
Nuevo León,Pesqueria,19
Nuevo León,Pesqueria,19
Nuevo León,Pesqueria,19
Nuevo León,Pesqueria,19
Nuevo León,Pesqueria,19
Nuevo León,Pesqueria,19
Nuevo León,Pesqueria,19
Nuevo León,Pesqueria,19
Nuevo León,Pesqueria,19
Nuevo León,Pesqueria,19
Nuevo León,Pesqueria,19
Nuevo León,Pesqueria,19
Nuevo León,Pesqueria,19
Nuevo León,Pesqueria,19
Nuevo León,Pesqueria,19
Nuevo León,Pesqueria,19
Nuevo León,Pesqueria,19
Nuevo León,Pesqueria,19
Nuevo León,Pesqueria,19
Nuevo León,Pesqueria,19
Nuevo León,Pesqueria,19
Nuevo León,Pesqueria,19
Nuevo León,Pesqueria,19
Nuevo León,Pesqueria,19
Nuevo León,Pesqueria,19
Nuevo León,Pesqueria,19
Nuevo León,Pesqueria,19
Nuevo León,Pesqueria,19
Nuevo León,Pesqueria,19
Nuevo León,Pesqueria,19
Nuevo León,Pesqueria,19
Nuevo León,Pesqueria,19
Nuevo León,Pesqueria,19
Nuevo León,Pesqueria,19
Nuevo León,Pesqueria,19
Nuevo León,Pesqueria,19
Nuevo León,Pesqueria,19
Nuevo León,Pesqueria,19
Nuevo León,Pesqueria,19
Nuevo León,Pesqueria,19
Nuevo León,Pesqueria,19
Nuevo León,Pesqueria,19
Nuevo León,Pesqueria,19
Nuevo León,Pesqueria,19
Nuevo León,Pesqueria,19
Nuevo León,Pesqueria,19
Nuevo León,Pesqueria,19
Nuevo León,Pesqueria,19
Nuevo León,Pesqueria,19
Nuevo León,Pesqueria,19
Nuevo León,Pesqueria,19
Nuevo León,Pesqueria,19
Nuevo León,Pesqueria,19
Nuevo León,Pesqueria,19
Nuevo León,Pesqueria,19
Nuevo León,Pesqueria,19
Nuevo León,Pesqueria,19
Nuevo León,Pesqueria,19
Nuevo León,Pesqueria,19
Nuevo León,Pesqueria,19
Nuevo León,Pesqueria,19
Nuevo León,Pesqueria,19
Nuevo León,Pesqueria,19
Nuevo León,Pesqueria,19
Nuevo León,Pesqueria,19
Nuevo León,Pesqueria,19
Nuevo León,Pesqueria,19
Nuevo León,Pesqueria,19
Nuevo León,Pesqueria,19
Nuevo León,Pesqueria,19
Nuevo León,Pesqueria,19
Nuevo León,Pesqueria,19
Nuevo León,Pesqueria,19
Nuevo León,Pesqueria,19
Nuevo León,Pesqueria,19
Nuevo León,Pesqueria,19
Nuevo León,Pesqueria,19
Nuevo León,Pesqueria,19
Nuevo León,Pesqueria,19
Nuevo León,Pesqueria,19
Nuevo León,Pesqueria,19
Nuevo León,Pesqueria,19
Nuevo León,Pesqueria,19
Nuevo León,Pesqueria,19
Nuevo León,Pesqueria,19
Nuevo León,Pesqueria,19
Nuevo León,Pesqueria,19
Nuevo León,Pesqueria,19
Nuevo León,Pesqueria,19
Nuevo León,Pesqueria,19
Nuevo León,Pesqueria,19
Nuevo León,Pesqueria,19
Nuevo León,Pesqueria,19
Nuevo León,Pesqueria,19
Nuevo León,Pesqueria,19
Nuevo León,Pesqueria,19
Nuevo León,Pesqueria,19
Nuevo León,Pesqueria,19
Nuevo León,Pesqueria,19
Nuevo León,Pesqueria,19
Nuevo León,Pesqueria,19
Nuevo León,Pesqueria,19
Nuevo León,Pesqueria,19
Nuevo León,Pesqueria,19
Nuevo León,Pesqueria,19
Oaxaca,Juchitan de Zaragoza,20
Oaxaca,Juchitan de Zaragoza,20
Oaxaca,San Pedro Totolapa,20
Oaxaca,San Pedro Totolapa,20
Oaxaca,San Pedro Totolapa,20
Oaxaca,San Pedro Totolapa,20
Oaxaca,San Pedro Totolapa,20
Oaxaca,San Pedro Totolapa,20
Oaxaca,San Pedro Totolapa,20
Oaxaca,Santa Cruz Xoxocotlan,20
Oaxaca,Santa Cruz Xoxocotlan,20
Oaxaca,Santa Cruz Xoxocotlan,20
Oaxaca,Santa Cruz Xoxocotlan,20
Oaxaca,Santa Cruz Xoxocotlan,20
Oaxaca,Santa Cruz Xoxocotlan,20
Oaxaca,Santa Cruz Xoxocotlan,20
Oaxaca,Santa Cruz Xoxocotlan,20
Oaxaca,Santa Cruz Xoxocotlan,20
Oaxaca,Santa Cruz Xoxocotlan,20
Oaxaca,Santa Cruz Xoxocotlan,20
Oaxaca,Santa Cruz Xoxocotlan,20
Oaxaca,Santa Cruz Xoxocotlan,20
Oaxaca,Santa Cruz Xoxocotlan,20
Oaxaca,Santa Maria Huatulco,20
Oaxaca,Santa Maria Huatulco,20
Oaxaca,Santa Maria Huatulco,20
Oaxaca,Santa Maria Huatulco,20
Oaxaca,Santa Maria Huatulco,20
Oaxaca,Santa Maria Huatulco,20
Oaxaca,Santa Maria Huatulco,20
Oaxaca,Santa Maria Huatulco,20
Oaxaca,Santa Maria Huatulco,20
Oaxaca,Santa Maria Huatulco,20
Oaxaca,Santa Maria del Tule,20
Oaxaca,Santa Maria del Tule,20
Oaxaca,Santa Maria del Tule,20
Oaxaca,Santa Maria del Tule,20
Oaxaca,Santa Maria del Tule,20
Oaxaca,Santa Maria del Tule,20
Oaxaca,Santa Maria del Tule,20
Oaxaca,Santa Maria del Tule,20
Oaxaca,Santa Maria del Tule,20
Puebla,Cuautinchan,21
Puebla,Cuautinchan,21
Puebla,Cuautinchan,21
Puebla,Cuautinchan,21
Puebla,Cuautinchan,21
Puebla,Cuautinchan,21
Puebla,Cuautinchan,21
Puebla,Cuautinchan,21
Puebla,Cuautinchan,21
Puebla,Cuautinchan,21
Puebla,Cuautinchan,21
Puebla,Cuautinchan,21
Puebla,Cuautinchan,21
Puebla,Cuautinchan,21
Puebla,Cuautinchan,21
Puebla,Izucar de Matamoros,21
Puebla,Izucar de Matamoros,21
Puebla,Izucar de Matamoros,21
Puebla,Izucar de Matamoros,21
Puebla,Izucar de Matamoros,21
Puebla,Izucar de Matamoros,21
Puebla,Izucar de Matamoros,21
Puebla,Izucar de Matamoros,21
Puebla,Izucar de Matamoros,21
Puebla,Izucar de Matamoros,21
Puebla,Izucar de Matamoros,21
Puebla,Izucar de Matamoros,21
Puebla,Izucar de Matamoros,21
Puebla,Izucar de Matamoros,21
Puebla,Izucar de Matamoros,21
Puebla,Izucar de Matamoros,21
Puebla,Izucar de Matamoros,21
Puebla,Izucar de Matamoros,21
Puebla,Izucar de Matamoros,21
Puebla,Izucar de Matamoros,21
Puebla,Izucar de Matamoros,21
Puebla,Izucar de Matamoros,21
Puebla,Izucar de Matamoros,21
Puebla,Izucar de Matamoros,21
Puebla,Izucar de Matamoros,21
Puebla,Izucar de Matamoros,21
Puebla,Izucar de Matamoros,21
Puebla,Izucar de Matamoros,21
Puebla,Izucar de Matamoros,21
Puebla,Izucar de Matamoros,21
Puebla,Izucar de Matamoros,21
Puebla,Izucar de Matamoros,21
Puebla,Izucar de Matamoros,21
Puebla,Izucar de Matamoros,21
Puebla,Izucar de Matamoros,21
Puebla,Izucar de Matamoros,21
Puebla,Izucar de Matamoros,21
Puebla,San Andres Cholula,21
Puebla,San Andres Cholula,21
Puebla,San Andres Cholula,21
Puebla,San Andres Cholula,21
Puebla,San Andres Cholula,21
Puebla,San Andres Cholula,21
Puebla,San Andres Cholula,21
Puebla,San Andres Cholula,21
Puebla,San Andres Cholula,21
Puebla,San Andres Cholula,21
Puebla,San Andres Cholula,21
Puebla,San Andres Cholula,21
Puebla,San Andres Cholula,21
Puebla,San Andres Cholula,21
Puebla,San Andres Cholula,21
Puebla,San Andres Cholula,21
Puebla,San Andres Cholula,21
Puebla,San Andres Cholula,21
Puebla,San Andres Cholula,21
Puebla,San Andres Cholula,21
Puebla,San Andres Cholula,21
Puebla,San Andres Cholula,21
Puebla,San Andres Cholula,21
Puebla,San Andres Cholula,21
Puebla,San Andres Cholula,21
Puebla,San Andres Cholula,21
Puebla,San Andres Cholula,21
Puebla,San Andres Cholula,21
Puebla,San Andres Cholula,21
Puebla,San Andres Cholula,21
Puebla,San Andres Cholula,21
Puebla,San Andres Cholula,21
Puebla,San Andres Cholula,21
Puebla,San Andres Cholula,21
Puebla,San Andres Cholula,21
Puebla,San Andres Cholula,21
Puebla,San Andres Cholula,21
Puebla,San Andres Cholula,21
Puebla,San Andres Cholula,21
Puebla,San Andres Cholula,21
Puebla,San Andres Cholula,21
Puebla,San Andres Cholula,21
Puebla,San Andres Cholula,21
Puebla,San Andres Cholula,21
Puebla,San Andres Cholula,21
Puebla,San Jose Chiapa,21
Puebla,San Jose Chiapa,21
Puebla,San Jose Chiapa,21
Puebla,San Jose Chiapa,21
Puebla,San Jose Chiapa,21
Puebla,San Jose Chiapa,21
Puebla,San Martin Texmelucan,21
Puebla,San Martin Texmelucan,21
Puebla,San Martin Texmelucan,21
Puebla,San Martin Texmelucan,21
Puebla,San Martin Texmelucan,21
Puebla,San Martin Texmelucan,21
Puebla,San Martin Texmelucan,21
Puebla,San Martin Texmelucan,21
Puebla,San Martin Texmelucan,21
Puebla,San Martin Texmelucan,21
Puebla,San Martin Texmelucan,21
Puebla,San Martin Texmelucan,21
Puebla,San Martin Texmelucan,21
Puebla,San Martin Texmelucan,21
Puebla,San Martin Texmelucan,21
Puebla,San Martin Texmelucan,21
Puebla,San Martin Texmelucan,21
Puebla,San Martin Texmelucan,21
Puebla,San Martin Texmelucan,21
Puebla,San Martin Texmelucan,21
Puebla,San Martin Texmelucan,21
Puebla,San Martin Texmelucan,21
Puebla,San Martin Texmelucan,21
Puebla,San Martin Texmelucan,21
Puebla,San Martin Texmelucan,21
Puebla,San Martin Texmelucan,21
Puebla,San Martin Texmelucan,21
Puebla,San Martin Texmelucan,21
Puebla,San Martin Texmelucan,21
Puebla,San Martin Texmelucan,21
Puebla,San Martin Texmelucan,21
Puebla,San Martin Texmelucan,21
Puebla,San Martin Texmelucan,21
Puebla,San Martin Texmelucan,21
Puebla,San Martin Texmelucan,21
Puebla,San Martin Texmelucan,21
Puebla,San Martin Texmelucan,21
Puebla,San Martin Texmelucan,21
Puebla,San Martin Texmelucan,21
Puebla,San Martin Texmelucan,21
Puebla,San Martin Texmelucan,21
Puebla,San Martin Texmelucan,21
Puebla,San Martin Texmelucan,21
Puebla,San Martin Texmelucan,21
Puebla,San Martin Texmelucan,21
Puebla,San Martin Texmelucan,21
Puebla,San Martin Texmelucan,21
Puebla,San Martin Texmelucan,21
Puebla,San Martin Texmelucan,21
Puebla,San Martin Texmelucan,21
Puebla,San Martin Texmelucan,21
Puebla,San Martin Texmelucan,21
Puebla,San Martin Texmelucan,21
Puebla,San Martin Texmelucan,21
Puebla,San Martin Texmelucan,21
Puebla,San Martin Texmelucan,21
Puebla,San Martin Texmelucan,21
Puebla,San Martin Texmelucan,21
Puebla,San Martin Texmelucan,21
Puebla,San Martin Texmelucan,21
Puebla,San Martin Texmelucan,21
Puebla,San Martin Texmelucan,21
Puebla,San Martin Texmelucan,21
Puebla,San Martin Texmelucan,21
Puebla,San Martin Texmelucan,21
Puebla,San Martin Texmelucan,21
Puebla,San Martin Texmelucan,21
Puebla,San Martin Texmelucan,21
Puebla,San Martin Texmelucan,21
Puebla,San Martin Texmelucan,21
Puebla,San Martin Texmelucan,21
Puebla,San Martin Texmelucan,21
Puebla,San Martin Texmelucan,21
Puebla,San Martin Texmelucan,21
Puebla,San Martin Texmelucan,21
Puebla,San Martin Texmelucan,21
Puebla,San Martin Texmelucan,21
Puebla,San Martin Texmelucan,21
Puebla,San Martin Texmelucan,21
Puebla,San Martin Texmelucan,21
Puebla,San Martin Texmelucan,21
Puebla,San Martin Texmelucan,21
Puebla,San Martin Texmelucan,21
Puebla,San Martin Texmelucan,21
Puebla,San Martin Texmelucan,21
Puebla,San Martin Texmelucan,21
Puebla,San Martin Texmelucan,21
Puebla,San Martin Texmelucan,21
Puebla,San Martin Texmelucan,21
Puebla,San Martin Texmelucan,21
Puebla,Santiago Miahuatlan,21
Puebla,Santiago Miahuatlan,21
Puebla,Santiago Miahuatlan,21
Puebla,Santiago Miahuatlan,21
Puebla,Santiago Miahuatlan,21
Puebla,Santiago Miahuatlan,21
Puebla,Santiago Miahuatlan,21
Puebla,Santiago Miahuatlan,21
Puebla,Tehuacan,21
Puebla,Tehuacan,21
Puebla,Tehuacan,21
Puebla,Tehuacan,21
Puebla,Tehuacan,21
Puebla,Tehuacan,21
Puebla,Tehuacan,21
Puebla,Tehuacan,21
Puebla,Tehuacan,21
Puebla,Tehuacan,21
Puebla,Tehuacan,21
Puebla,Tehuacan,21
Puebla,Tehuacan,21
Puebla,Tehuacan,21
Puebla,Tehuacan,21
Puebla,Tehuacan,21
Puebla,Tehuacan,21
Puebla,Tehuacan,21
Puebla,Tehuacan,21
Puebla,Tehuacan,21
Puebla,Tehuacan,21
Puebla,Tehuacan,21
Puebla,Tehuacan,21
Puebla,Tehuacan,21
Puebla,Tehuacan,21
Puebla,Tehuacan,21
Puebla,Tehuacan,21
Puebla,Tehuacan,21
Puebla,Tehuacan,21
Puebla,Tehuacan,21
Puebla,Tepanco de Lopez,21
Puebla,Tepanco de Lopez,21
Puebla,Tepanco de Lopez,21
Puebla,Tepanco de Lopez,21
Puebla,Tepanco de Lopez,21
Puebla,Tepanco de Lopez,21
Puebla,Tepanco de Lopez,21
Puebla,Tepanco de Lopez,21
Puebla,Teziutlan,21
Puebla,Teziutlan,21
Puebla,Teziutlan,21
Puebla,Teziutlan,21
Puebla,Teziutlan,21
Puebla,Teziutlan,21
Puebla,Teziutlan,21
Puebla,Teziutlan,21
Puebla,Teziutlan,21
Puebla,Teziutlan,21
Puebla,Teziutlan,21
Puebla,Teziutlan,21
Puebla,Teziutlan,21
Puebla,Teziutlan,21
Puebla,Teziutlan,21
Puebla,Teziutlan,21
Puebla,Teziutlan,21
Puebla,Teziutlan,21
Puebla,Teziutlan,21
Puebla,Tlacotepec de Benito Juarez,21
Puebla,Tlacotepec de Benito Juarez,21
Querétaro,San Joaquin,22
Querétaro,San Joaquin,22
Querétaro,San Joaquin,22
Querétaro,San Joaquin,22
Querétaro,San Joaquin,22
Querétaro,San Joaquin,22
San Luis Potosí,Huehuetlan,24
San Luis Potosí,Huehuetlan,24
San Luis Potosí,Huehuetlan,24
San Luis Potosí,Huehuetlan,24
San Luis Potosí,Huehuetlan,24
San Luis Potosí,Huehuetlan,24
San Luis Potosí,Huehuetlan,24
San Luis Potosí,Huehuetlan,24
San Luis Potosí,Huehuetlan,24
San Luis Potosí,Huehuetlan,24
San Luis Potosí,Huehuetlan,24
San Luis Potosí,Huehuetlan,24
San Luis Potosí,Huehuetlan,24
Sinaloa,Cosala,25
Sinaloa,Cosala,25
Sinaloa,Cosala,25
Sinaloa,Cosala,25
Sinaloa,Cosala,25
Sinaloa,Cosala,25
Sinaloa,Cosala,25
Sonora,Banamichi,26
Sonora,Puerto Penasco,26
Sonora,Puerto Penasco,26
Sonora,Puerto Penasco,26
Sonora,Puerto Penasco,26
Sonora,Puerto Penasco,26
Sonora,Puerto Penasco,26
Sonora,Puerto Penasco,26
Sonora,Puerto Penasco,26
Sonora,Puerto Penasco,26
Sonora,Puerto Penasco,26
Sonora,Puerto Penasco,26
Sonora,Puerto Penasco,26
Sonora,Puerto Penasco,26
Sonora,Puerto Penasco,26
Sonora,Puerto Penasco,26
Sonora,San Luis Rio Colorado,26
Sonora,San Luis Rio Colorado,26
Sonora,San Luis Rio Colorado,26
Sonora,San Luis Rio Colorado,26
Sonora,San Luis Rio Colorado,26
Sonora,San Luis Rio Colorado,26
Sonora,San Luis Rio Colorado,26
Sonora,San Luis Rio Colorado,26
Sonora,San Luis Rio Colorado,26
Sonora,San Luis Rio Colorado,26
Sonora,San Luis Rio Colorado,26
Sonora,San Luis Rio Colorado,26
Sonora,San Luis Rio Colorado,26
Sonora,San Luis Rio Colorado,26
Sonora,San Luis Rio Colorado,26
Sonora,Yecora,26
Sonora,Yecora,26
Sonora,Yecora,26
Sonora,Yecora,26
Sonora,Yecora,26
Sonora,Yecora,26
Sonora,Yecora,26
Sonora,Yecora,26
Sonora,Yecora,26
Tabasco,Cardenas,27
Tabasco,Cardenas,27
Tabasco,Cardenas,27
Tabasco,Cardenas,27
Tabasco,Cardenas,27
Tabasco,Cardenas,27
Tabasco,Cardenas,27
Tabasco,Cardenas,27
Tabasco,Cardenas,27
Tabasco,Cardenas,27
Tabasco,Cardenas,27
Tabasco,Cardenas,27
Tabasco,Cardenas,27
Tabasco,Cardenas,27
Tabasco,Cardenas,27
Tabasco,Cardenas,27
Tabasco,Cardenas,27
Tabasco,Cardenas,27
Tabasco,Cardenas,27
Tabasco,Cardenas,27
Tabasco,Cardenas,27
Tabasco,Cardenas,27
Tabasco,Cardenas,27
Tabasco,Cardenas,27
Tabasco,Cardenas,27
Tabasco,Cardenas,27
Tabasco,Cardenas,27
Tabasco,Cardenas,27
Tabasco,Cardenas,27
Tabasco,Cardenas,27
Tabasco,Cardenas,27
Tabasco,Cardenas,27
Tabasco,Cardenas,27
Tabasco,Cardenas,27
Tabasco,Cardenas,27
Tabasco,Cardenas,27
Tabasco,Cardenas,27
Tabasco,Cardenas,27
Tabasco,Cardenas,27
Tabasco,Cardenas,27
Tabasco,Cardenas,27
Tabasco,Cardenas,27
Tabasco,Cardenas,27
Tabasco,Cardenas,27
Tabasco,Cardenas,27
Tabasco,Cardenas,27
Tabasco,Cardenas,27
Tabasco,Cardenas,27
Tabasco,Cardenas,27
Tabasco,Cardenas,27
Tabasco,Cardenas,27
Tabasco,Cardenas,27
Tabasco,Cardenas,27
Tabasco,Cardenas,27
Tabasco,Cardenas,27
Tabasco,Cardenas,27
Tabasco,Cardenas,27
Tabasco,Cardenas,27
Tabasco,Cardenas,27
Tabasco,Cardenas,27
Tabasco,Cardenas,27
Tabasco,Cardenas,27
Tabasco,Cardenas,27
Tabasco,Cardenas,27
Tabasco,Cardenas,27
Tabasco,Cardenas,27
Tabasco,Cardenas,27
Tabasco,Cardenas,27
Tabasco,Cardenas,27
Tabasco,Cardenas,27
Tabasco,Cardenas,27
Tabasco,Cardenas,27
Tabasco,Cardenas,27
Tabasco,Cardenas,27
Tabasco,Cardenas,27
Tabasco,Cardenas,27
Tabasco,Cardenas,27
Tabasco,Cardenas,27
Tabasco,Cardenas,27
Tabasco,Cardenas,27
Tabasco,Cardenas,27
Tabasco,Cardenas,27
Tabasco,Cardenas,27
Tabasco,Cardenas,27
Tabasco,Cardenas,27
Tabasco,Cardenas,27
Tabasco,Cardenas,27
Tabasco,Cardenas,27
Tabasco,Cardenas,27
Tabasco,Cardenas,27
Tabasco,Cardenas,27
Tabasco,Cardenas,27
Tabasco,Cardenas,27
Tabasco,Cardenas,27
Tabasco,Cardenas,27
Tabasco,Cardenas,27
Tabasco,Cardenas,27
Tabasco,Cardenas,27
Tabasco,Cardenas,27
Tabasco,Cardenas,27
Tabasco,Cardenas,27
Tabasco,Cardenas,27
Tabasco,Cardenas,27
Tabasco,Cardenas,27
Tabasco,Cardenas,27
Tabasco,Cardenas,27
Tabasco,Cardenas,27
Tabasco,Cardenas,27
Tabasco,Cardenas,27
Tabasco,Cardenas,27
Tabasco,Cardenas,27
Tabasco,Cardenas,27
Tabasco,Cardenas,27
Tabasco,Cardenas,27
Tabasco,Cardenas,27
Tabasco,Cardenas,27
Tabasco,Cardenas,27
Tabasco,Cardenas,27
Tabasco,Cardenas,27
Tabasco,Cardenas,27
Tabasco,Cardenas,27
Tabasco,Cardenas,27
Tabasco,Cardenas,27
Tabasco,Cardenas,27
Tabasco,Cardenas,27
Tabasco,Cardenas,27
Tabasco,Cardenas,27
Tabasco,Cardenas,27
Tabasco,Cardenas,27
Tabasco,Cardenas,27
Tabasco,Cardenas,27
Tabasco,Cardenas,27
Tabasco,Cardenas,27
Tabasco,Cardenas,27
Tabasco,Cardenas,27
Tabasco,Cardenas,27
Tabasco,Cardenas,27
Tabasco,Cardenas,27
Tabasco,Cardenas,27
Tabasco,Cardenas,27
Tabasco,Cardenas,27
Tabasco,Cardenas,27
Tabasco,Cardenas,27
Tabasco,Cardenas,27
Tabasco,Cardenas,27
Tabasco,Cardenas,27
Tabasco,Cardenas,27
Tabasco,Cardenas,27
Tabasco,Cardenas,27
Tabasco,Cardenas,27
Tabasco,Cardenas,27
Tabasco,Cardenas,27
Tabasco,Cardenas,27
Tabasco,Cardenas,27
Tabasco,Cardenas,27
Tabasco,Cardenas,27
Tabasco,Cardenas,27
Tabasco,Cardenas,27
Tabasco,Cardenas,27
Tabasco,Cardenas,27
Tabasco,Cardenas,27
Tabasco,Cardenas,27
Tabasco,Cardenas,27
Tabasco,Cardenas,27
Tabasco,Cardenas,27
Tabasco,Cardenas,27
Tabasco,Cardenas,27
Tabasco,Cardenas,27
Tabasco,Cardenas,27
Tabasco,Cardenas,27
Tabasco,Cardenas,27
Tabasco,Cardenas,27
Tabasco,Cardenas,27
Tabasco,Cardenas,27
Tabasco,Cardenas,27
Tabasco,Cardenas,27
Tabasco,Cardenas,27
Tabasco,Cardenas,27
Tabasco,Cardenas,27
Tabasco,Cardenas,27
Tabasco,Cardenas,27
Tabasco,Cardenas,27
Tabasco,Cardenas,27
Tabasco,Cardenas,27
Tabasco,Cardenas,27
Tabasco,Cardenas,27
Tabasco,Cardenas,27
Tabasco,Cardenas,27
Tabasco,Cardenas,27
Tabasco,Cardenas,27
Tabasco,Cardenas,27
Tabasco,Cardenas,27
Tabasco,Cardenas,27
Tabasco,Cardenas,27
Tabasco,Cardenas,27
Tabasco,Cardenas,27
Tabasco,Cardenas,27
Tabasco,Cardenas,27
Tabasco,Cardenas,27
Tabasco,Cardenas,27
Tabasco,Cardenas,27
Tabasco,Cardenas,27
Tabasco,Cardenas,27
Tabasco,Cardenas,27
Tabasco,Cardenas,27
Tabasco,Cardenas,27
Tabasco,Cardenas,27
Tabasco,Cardenas,27
Tabasco,Cardenas,27
Tabasco,Cardenas,27
Tabasco,Cardenas,27
Tabasco,Cardenas,27
Tabasco,Cardenas,27
Tabasco,Cardenas,27
Tabasco,Cardenas,27
Tabasco,Cardenas,27
Tabasco,Cardenas,27
Tabasco,Cardenas,27
Tabasco,Cardenas,27
Tabasco,Cardenas,27
Tabasco,Cardenas,27
Tabasco,Cardenas,27
Tabasco,Cardenas,27
Tabasco,Cardenas,27
Tabasco,Cardenas,27
Tabasco,Cardenas,27
Tabasco,Cardenas,27
Tabasco,Cardenas,27
Tabasco,Cardenas,27
Tabasco,Cardenas,27
Tabasco,Cardenas,27
Tabasco,Cardenas,27
Tabasco,Cardenas,27
Tabasco,Cardenas,27
Tabasco,Cardenas,27
Tabasco,Cardenas,27
Tabasco,Cardenas,27
Tabasco,Cardenas,27
Tabasco,Cardenas,27
Tabasco,Cardenas,27
Tabasco,Cardenas,27
Tabasco,Cardenas,27
Tabasco,Cardenas,27
Tabasco,Cardenas,27
Tabasco,Cardenas,27
Tabasco,Cardenas,27
Tabasco,Cardenas,27
Tabasco,Cardenas,27
Tabasco,Cardenas,27
Tabasco,Cardenas,27
Tabasco,Cardenas,27
Tabasco,Cardenas,27
Tabasco,Cardenas,27
Tabasco,Cardenas,27
Tabasco,Cardenas,27
Tabasco,Cardenas,27
Tabasco,Cardenas,27
Tabasco,Cardenas,27
Tabasco,Cardenas,27
Tabasco,Cardenas,27
Tabasco,Cardenas,27
Tabasco,Cardenas,27
Tabasco,Cardenas,27
Tabasco,Cardenas,27
Tabasco,Cardenas,27
Tabasco,Cardenas,27
Tabasco,Cardenas,27
Tamaulipas,Miguel Aleman,28
Tamaulipas,Miguel Aleman,28
Tamaulipas,Xicotencatl,28
Tamaulipas,Xicotencatl,28
Tamaulipas,Xicotencatl,28
Tamaulipas,Xicotencatl,28
Tamaulipas,Xicotencatl,28
Tamaulipas,Xicotencatl,28
Tamaulipas,Xicotencatl,28
Tamaulipas,Xicotencatl,28
Tamaulipas,Xicotencatl,28
Tamaulipas,Xicotencatl,28
Tamaulipas,Xicotencatl,28
Tamaulipas,Xicotencatl,28
Tamaulipas,Xicotencatl,28
Tamaulipas,Xicotencatl,28
Tlaxcala,Apetatitlan de Antonio Carvajal,29
Tlaxcala,Apetatitlan de Antonio Carvajal,29
Tlaxcala,Nativitas,29
Tlaxcala,Nativitas,29
Tlaxcala,Nativitas,29
Tlaxcala,Nativitas,29
Tlaxcala,Nativitas,29
Tlaxcala,Zitlaltepec de Trinidad Sanchez Santos,29
Tlaxcala,Zitlaltepec de Trinidad Sanchez Santos,29
Tlaxcala,Zitlaltepec de Trinidad Sanchez Santos,29
Tlaxcala,Zitlaltepec de Trinidad Sanchez Santos,29
Veracruz de Ignacio de la Llave,Cordoba,30
Veracruz de Ignacio de la Llave,Cordoba,30
Veracruz de Ignacio de la Llave,Cordoba,30
Veracruz de Ignacio de la Llave,Cordoba,30
Veracruz de Ignacio de la Llave,Cordoba,30
Veracruz de Ignacio de la Llave,Cordoba,30
Veracruz de Ignacio de la Llave,Cordoba,30
Veracruz de Ignacio de la Llave,Cordoba,30
Veracruz de Ignacio de la Llave,Cordoba,30
Veracruz de Ignacio de la Llave,Cordoba,30
Veracruz de Ignacio de la Llave,Cordoba,30
Veracruz de Ignacio de la Llave,Cordoba,30
Veracruz de Ignacio de la Llave,Cordoba,30
Veracruz de Ignacio de la Llave,Cordoba,30
Veracruz de Ignacio de la Llave,Cordoba,30
Veracruz de Ignacio de la Llave,Cordoba,30
Veracruz de Ignacio de la Llave,Cordoba,30
Veracruz de Ignacio de la Llave,Cordoba,30
Veracruz de Ignacio de la Llave,Cordoba,30
Veracruz de Ignacio de la Llave,Cordoba,30
Veracruz de Ignacio de la Llave,Cordoba,30
Veracruz de Ignacio de la Llave,Cordoba,30
Veracruz de Ignacio de la Llave,Cordoba,30
Veracruz de Ignacio de la Llave,Cordoba,30
Veracruz de Ignacio de la Llave,Cordoba,30
Veracruz de Ignacio de la Llave,Cordoba,30
Veracruz de Ignacio de la Llave,Cordoba,30
Veracruz de Ignacio de la Llave,Cordoba,30
Veracruz de Ignacio de la Llave,Cordoba,30
Veracruz de Ignacio de la Llave,Cordoba,30
Veracruz de Ignacio de la Llave,Cuitlahuac,30
Veracruz de Ignacio de la Llave,Cuitlahuac,30
Veracruz de Ignacio de la Llave,Cuitlahuac,30
Veracruz de Ignacio de la Llave,Cuitlahuac,30
Veracruz de Ignacio de la Llave,Cuitlahuac,30
Veracruz de Ignacio de la Llave,Cuitlahuac,30
Veracruz de Ignacio de la Llave,Cuitlahuac,30
Veracruz de Ignacio de la Llave,Cuitlahuac,30
Veracruz de Ignacio de la Llave,Cuitlahuac,30
Veracruz de Ignacio de la Llave,Cuitlahuac,30
Veracruz de Ignacio de la Llave,Cuitlahuac,30
Veracruz de Ignacio de la Llave,Cuitlahuac,30
Veracruz de Ignacio de la Llave,Cuitlahuac,30
Veracruz de Ignacio de la Llave,Cuitlahuac,30
Veracruz de Ignacio de la Llave,Hidalgotitlan,30
Veracruz de Ignacio de la Llave,Medellín,30
Veracruz de Ignacio de la Llave,Medellín,30
Veracruz de Ignacio de la Llave,Medellín,30
Veracruz de Ignacio de la Llave,Medellín,30
Veracruz de Ignacio de la Llave,Medellín,30
Veracruz de Ignacio de la Llave,Medellín,30
Veracruz de Ignacio de la Llave,Medellín,30
Veracruz de Ignacio de la Llave,Medellín,30
Veracruz de Ignacio de la Llave,Medellín,30
Veracruz de Ignacio de la Llave,Medellín,30
Veracruz de Ignacio de la Llave,Medellín,30
Veracruz de Ignacio de la Llave,Medellín,30
Veracruz de Ignacio de la Llave,Medellín,30
Veracruz de Ignacio de la Llave,Medellín,30
Veracruz de Ignacio de la Llave,Medellín,30
Veracruz de Ignacio de la Llave,Medellín,30
Veracruz de Ignacio de la Llave,Medellín,30
Veracruz de Ignacio de la Llave,Medellín,30
Veracruz de Ignacio de la Llave,Medellín,30
Veracruz de Ignacio de la Llave,Medellín,30
Veracruz de Ignacio de la Llave,Medellín,30
Veracruz de Ignacio de la Llave,Medellín,30
Veracruz de Ignacio de la Llave,Medellín,30
Veracruz de Ignacio de la Llave,Medellín,30
Veracruz de Ignacio de la Llave,Medellín,30
Veracruz de Ignacio de la Llave,Medellín,30
Veracruz de Ignacio de la Llave,Medellín,30
Veracruz de Ignacio de la Llave,Medellín,30
Veracruz de Ignacio de la Llave,Medellín,30
Veracruz de Ignacio de la Llave,Medellín,30
Veracruz de Ignacio de la Llave,Medellín,30
Veracruz de Ignacio de la Llave,Medellín,30
Veracruz de Ignacio de la Llave,Medellín,30
Veracruz de Ignacio de la Llave,Medellín,30
Veracruz de Ignacio de la Llave,Medellín,30
Veracruz de Ignacio de la Llave,Medellín,30
Veracruz de Ignacio de la Llave,Panuco,30
Veracruz de Ignacio de la Llave,Panuco,30
Veracruz de Ignacio de la Llave,Panuco,30
Veracruz de Ignacio de la Llave,Panuco,30
Veracruz de Ignacio de la Llave,Panuco,30
Veracruz de Ignacio de la Llave,Panuco,30
Veracruz de Ignacio de la Llave,Panuco,30
Veracruz de Ignacio de la Llave,Panuco,30
Veracruz de Ignacio de la Llave,Panuco,30
Veracruz de Ignacio de la Llave,Panuco,30
Veracruz de Ignacio de la Llave,Panuco,30
Veracruz de Ignacio de la Llave,Panuco,30
Veracruz de Ignacio de la Llave,Panuco,30
Veracruz de Ignacio de la Llave,Panuco,30
Veracruz de Ignacio de la Llave,Panuco,30
Veracruz de Ignacio de la Llave,Panuco,30
Veracruz de Ignacio de la Llave,Panuco,30
Veracruz de Ignacio de la Llave,Panuco,30
Veracruz de Ignacio de la Llave,Panuco,30
Veracruz de Ignacio de la Llave,Panuco,30
Veracruz de Ignacio de la Llave,Panuco,30
Veracruz de Ignacio de la Llave,Panuco,30
Veracruz de Ignacio de la Llave,Panuco,30
Veracruz de Ignacio de la Llave,Panuco,30
Veracruz de Ignacio de la Llave,Panuco,30
Veracruz de Ignacio de la Llave,Panuco,30
Veracruz de Ignacio de la Llave,Panuco,30
Veracruz de Ignacio de la Llave,Panuco,30
Veracruz de Ignacio de la Llave,Panuco,30
Veracruz de Ignacio de la Llave,Panuco,30
Veracruz de Ignacio de la Llave,Panuco,30
Veracruz de Ignacio de la Llave,Panuco,30
Veracruz de Ignacio de la Llave,Panuco,30
Veracruz de Ignacio de la Llave,Panuco,30
Veracruz de Ignacio de la Llave,Panuco,30
Veracruz de Ignacio de la Llave,Panuco,30
Veracruz de Ignacio de la Llave,Panuco,30
Veracruz de Ignacio de la Llave,Panuco,30
Veracruz de Ignacio de la Llave,Panuco,30
Veracruz de Ignacio de la Llave,Panuco,30
Veracruz de Ignacio de la Llave,Panuco,30
Veracruz de Ignacio de la Llave,Panuco,30
Veracruz de Ignacio de la Llave,Panuco,30
Veracruz de Ignacio de la Llave,Panuco,30
Veracruz de Ignacio de la Llave,Panuco,30
Veracruz de Ignacio de la Llave,Panuco,30
Veracruz de Ignacio de la Llave,Panuco,30
Veracruz de Ignacio de la Llave,Panuco,30
Veracruz de Ignacio de la Llave,Panuco,30
Veracruz de Ignacio de la Llave,Temapache,30
Veracruz de Ignacio de la Llave,Temapache,30
Veracruz de Ignacio de la Llave,Temapache,30
Veracruz de Ignacio de la Llave,Temapache,30
Veracruz de Ignacio de la Llave,Temapache,30
Yucatán,Cuzama,31
Yucatán,Merida,31
Yucatán,Merida,31
Yucatán,Merida,31
Yucatán,Merida,31
Yucatán,Merida,31
Yucatán,Merida,31
Yucatán,Merida,31
Yucatán,Merida,31
Yucatán,Merida,31
Yucatán,Merida,31
Yucatán,Merida,31
Yucatán,Merida,31
Yucatán,Merida,31
Yucatán,Merida,31
Yucatán,Merida,31
Yucatán,Merida,31
Yucatán,Merida,31
Yucatán,Merida,31
Yucatán,Merida,31
Yucatán,Merida,31
Yucatán,Merida,31
Yucatán,Merida,31
Yucatán,Merida,31
Yucatán,Merida,31
Yucatán,Merida,31
Yucatán,Merida,31
Yucatán,Merida,31
Yucatán,Merida,31
Yucatán,Merida,31
Yucatán,Merida,31
Yucatán,Merida,31
Yucatán,Merida,31
Yucatán,Merida,31
Yucatán,Merida,31
Yucatán,Merida,31
Yucatán,Merida,31
Yucatán,Merida,31
Yucatán,Merida,31
Yucatán,Merida,31
Yucatán,Merida,31
Yucatán,Merida,31
Yucatán,Merida,31
Yucatán,Merida,31
Yucatán,Merida,31
Yucatán,Merida,31
Yucatán,Merida,31
Yucatán,Merida,31
Yucatán,Merida,31
Yucatán,Merida,31
Yucatán,Merida,31
Yucatán,Merida,31
Yucatán,Merida,31
Yucatán,Merida,31
Yucatán,Merida,31
Yucatán,Merida,31
Yucatán,Merida,31
Yucatán,Merida,31
Yucatán,Merida,31
Yucatán,Merida,31
Yucatán,Merida,31
Yucatán,Merida,31
Yucatán,Merida,31
Yucatán,Merida,31
Yucatán,Merida,31
Yucatán,Merida,31
Yucatán,Merida,31
Yucatán,Merida,31
Yucatán,Merida,31
Yucatán,Merida,31
Yucatán,Merida,31
Yucatán,Merida,31
Yucatán,Merida,31
Yucatán,Merida,31
Yucatán,Merida,31
Yucatán,Merida,31
Yucatán,Merida,31
Yucatán,Merida,31
Yucatán,Merida,31
Yucatán,Merida,31
Yucatán,Merida,31
Yucatán,Merida,31
Yucatán,Merida,31
Yucatán,Merida,31
Yucatán,Merida,31
Yucatán,Merida,31
Yucatán,Merida,31
Yucatán,Merida,31
Yucatán,Merida,31
Yucatán,Merida,31
Yucatán,Merida,31
Yucatán,Merida,31
Yucatán,Merida,31
Yucatán,Merida,31
Yucatán,Merida,31
Yucatán,Merida,31
Yucatán,Merida,31
Yucatán,Merida,31
Yucatán,Merida,31
Yucatán,Merida,31
Yucatán,Merida,31
Yucatán,Merida,31
Yucatán,Merida,31
Yucatán,Merida,31
Yucatán,Merida,31
Yucatán,Merida,31
Yucatán,Merida,31
Yucatán,Merida,31
Yucatán,Merida,31
Yucatán,Merida,31
Yucatán,Merida,31
Yucatán,Merida,31
Yucatán,Merida,31
Yucatán,Merida,31
Yucatán,Merida,31
Yucatán,Merida,31
Yucatán,Merida,31
Yucatán,Merida,31
Yucatán,Merida,31
Yucatán,Merida,31
Yucatán,Merida,31
Yucatán,Merida,31
Yucatán,Merida,31
Yucatán,Merida,31
Yucatán,Merida,31
Yucatán,Merida,31
Yucatán,Merida,31
Yucatán,Merida,31
Yucatán,Merida,31
Yucatán,Merida,31
Yucatán,Merida,31
Yucatán,Merida,31
Yucatán,Merida,31
Yucatán,Merida,31
Yucatán,Merida,31
Yucatán,Merida,31
Yucatán,Merida,31
Yucatán,Merida,31
Yucatán,Merida,31
Yucatán,Merida,31
Yucatán,Merida,31
Yucatán,Merida,31
Yucatán,Merida,31
Yucatán,Merida,31
Yucatán,Merida,31
Yucatán,Merida,31
Yucatán,Merida,31
Yucatán,Merida,31
Yucatán,Merida,31
Yucatán,Merida,31
Yucatán,Merida,31
Yucatán,Merida,31
Yucatán,Merida,31
Yucatán,Merida,31
Yucatán,Merida,31
Yucatán,Merida,31
Yucatán,Merida,31
Yucatán,Merida,31
Yucatán,Merida,31
Yucatán,Merida,31
Yucatán,Merida,31
Yucatán,Merida,31
Yucatán,Merida,31
Yucatán,Merida,31
Yucatán,Merida,31
Yucatán,Merida,31
Yucatán,Merida,31
Yucatán,Merida,31
Yucatán,Merida,31
Yucatán,Merida,31
Yucatán,Merida,31
Yucatán,Merida,31
Yucatán,Merida,31
Yucatán,Merida,31
Yucatán,Merida,31
Yucatán,Merida,31
Yucatán,Merida,31
Yucatán,Merida,31
Yucatán,Merida,31
Yucatán,Merida,31
Yucatán,Merida,31
Yucatán,Merida,31
Yucatán,Merida,31
Yucatán,Merida,31
Yucatán,Merida,31
Yucatán,Merida,31
Yucatán,Merida,31
Yucatán,Merida,31
Yucatán,Merida,31
Yucatán,Merida,31
Yucatán,Merida,31
Yucatán,Merida,31
Yucatán,Merida,31
Yucatán,Merida,31
Yucatán,Merida,31
Yucatán,Merida,31
Yucatán,Merida,31
Yucatán,Merida,31
Yucatán,Merida,31
Yucatán,Merida,31
Yucatán,Merida,31
Yucatán,Merida,31
Yucatán,Merida,31
Yucatán,Merida,31
Yucatán,Merida,31
Yucatán,Merida,31
Yucatán,Merida,31
Yucatán,Merida,31
Yucatán,Merida,31
Yucatán,Merida,31
Yucatán,Merida,31
Yucatán,Merida,31
Yucatán,Merida,31
Yucatán,Merida,31
Yucatán,Merida,31
Yucatán,Merida,31
Yucatán,Merida,31
Yucatán,Merida,31
Yucatán,Merida,31
Yucatán,Merida,31
Yucatán,Merida,31
Yucatán,Merida,31
Yucatán,Merida,31
Yucatán,Merida,31
Yucatán,Merida,31
Yucatán,Merida,31
Yucatán,Merida,31
Yucatán,Merida,31
Yucatán,Merida,31
Yucatán,Merida,31
Yucatán,Merida,31
Yucatán,Merida,31
Yucatán,Merida,31
Yucatán,Merida,31
Yucatán,Merida,31
Yucatán,Merida,31
Yucatán,Merida,31
Yucatán,Merida,31
Yucatán,Merida,31
Yucatán,Merida,31
Yucatán,Merida,31
Yucatán,Merida,31
Yucatán,Merida,31
Yucatán,Merida,31
Yucatán,Merida,31
Yucatán,Merida,31
Yucatán,Merida,31
Yucatán,Merida,31
Yucatán,Merida,31
Yucatán,Merida,31
Yucatán,Merida,31
Yucatán,Merida,31
Yucatán,Merida,31
Yucatán,Merida,31
Yucatán,Merida,31
Yucatán,Merida,31
Yucatán,Merida,31
Yucatán,Merida,31
Yucatán,Merida,31
Yucatán,Merida,31
Yucatán,Merida,31
Yucatán,Merida,31
Yucatán,Merida,31
Yucatán,Merida,31
Yucatán,Merida,31
Yucatán,Merida,31
Yucatán,Merida,31
Yucatán,Merida,31
Yucatán,Merida,31
Yucatán,Merida,31
Yucatán,Merida,31
Yucatán,Merida,31
Yucatán,Merida,31
Yucatán,Merida,31
Yucatán,Merida,31
Yucatán,Merida,31
Yucatán,Merida,31
Yucatán,Merida,31
Yucatán,Merida,31
Yucatán,Merida,31
Yucatán,Merida,31
Yucatán,Merida,31
Yucatán,Merida,31
Yucatán,Merida,31
Yucatán,Merida,31
Yucatán,Merida,31
Yucatán,Merida,31
Yucatán,Merida,31
Yucatán,Merida,31
Yucatán,Merida,31
Yucatán,Merida,31
Yucatán,Merida,31
Yucatán,Merida,31
Yucatán,Merida,31
Yucatán,Merida,31
Yucatán,Merida,31
Yucatán,Merida,31
Yucatán,Merida,31
Yucatán,Merida,31
Yucatán,Merida,31
Yucatán,Merida,31
Yucatán,Merida,31
Yucatán,Merida,31
Yucatán,Merida,31
Yucatán,Merida,31
Yucatán,Merida,31
Yucatán,Merida,31
Yucatán,Merida,31
Yucatán,Merida,31
Yucatán,Merida,31
Yucatán,Merida,31
Yucatán,Merida,31
Yucatán,Merida,31
Yucatán,Merida,31
Yucatán,Merida,31
Yucatán,Merida,31
Yucatán,Merida,31
Yucatán,Merida,31
Yucatán,Merida,31
Yucatán,Seye,31
Yucatán,Tizimin,31
Yucatán,Tizimin,31
Yucatán,Tizimin,31
Yucatán,Tizimin,31
Yucatán,Tizimin,31
Yucatán,Tizimin,31
Zacatecas,Concepcion del Oro,32
Zacatecas,Concepcion del Oro,32
Zacatecas,Concepcion del Oro,32
Zacatecas,Concepcion del Oro,32
Zacatecas,Concepcion del Oro,32
Zacatecas,General Panfilo Natera,32
Zacatecas,General Panfilo Natera,32
Zacatecas,General Panfilo Natera,32
Zacatecas,General Panfilo Natera,32
Zacatecas,Noria de angeles,32
Zacatecas,Noria de angeles,32